customer_id,tenure_months,monthly_bill_rm,support_tickets_last_6m,avg_monthly_data_gb,late_payments_last_12m,contract_length_months,has_family_plan,uses_autopay,satisfaction_score,churned
C00001,7,118.61,6,115.6,0,24,1,1,1,1
C00002,44,199.26,3,73.0,6,1,1,0,1,1
C00003,58,73.06,0,43.5,2,6,0,1,7,0
C00004,34,174.06,0,324.0,5,36,1,0,10,0
C00005,41,48.45,8,185.3,7,36,1,1,9,1
C00006,24,244.6,1,384.2,4,6,1,1,9,0
C00007,10,243.86,6,242.9,5,1,0,0,6,1
C00008,46,319.33,6,225.8,0,12,1,0,9,0
C00009,23,87.28,8,189.5,7,1,0,0,8,1
C00010,33,264.69,4,401.2,6,1,0,0,9,1
C00011,12,67.8,0,335.2,6,1,1,0,6,1
C00012,61,54.08,8,144.0,5,1,0,1,2,0
C00013,19,147.33,3,313.8,0,36,1,1,3,0
C00014,38,258.44,6,157.9,5,36,0,0,10,0
C00015,8,248.87,7,282.4,5,24,1,1,7,0
C00016,4,88.61,5,366.6,2,12,0,1,4,0
C00017,44,70.54,8,105.9,5,12,1,0,9,1
C00018,26,183.91,0,85.6,3,1,1,0,6,0
C00019,18,300.58,8,61.2,7,24,1,0,5,1
C00020,63,138.64,3,353.7,2,36,0,1,6,0
C00021,16,235.1,5,362.6,5,24,1,1,4,1
C00022,44,268.15,3,345.5,2,24,0,1,7,0
C00023,23,280.49,6,157.9,4,1,1,1,1,1
C00024,7,206.14,4,49.6,5,6,1,1,8,0
C00025,45,113.31,7,212.9,4,12,0,0,2,1
C00026,64,246.78,7,227.1,7,36,0,1,6,0
C00027,29,209.36,0,197.3,4,36,0,1,7,0
C00028,9,284.69,4,74.7,6,12,1,0,10,1
C00029,22,99.52,4,222.8,3,12,1,1,4,0
C00030,12,73.39,8,236.3,3,36,0,1,7,0
C00031,58,75.51,6,321.1,6,36,1,0,8,0
C00032,28,313.66,0,106.5,3,1,1,0,1,1
C00033,42,195.41,0,388.7,3,24,1,0,5,0
C00034,42,103.3,0,315.7,2,24,0,1,4,0
C00035,56,152.44,3,166.9,7,1,1,0,8,0
C00036,14,79.64,7,389.5,5,36,0,1,9,0
C00037,47,103.68,0,48.9,1,36,1,0,4,0
C00038,24,160.17,7,63.3,0,6,0,1,1,1
C00039,29,170.84,3,279.4,0,1,0,0,8,0
C00040,18,228.8,5,187.4,3,6,0,1,6,0
C00041,12,230.7,4,140.9,6,12,0,0,1,1
C00042,15,299.31,4,102.3,0,36,1,1,9,0
C00043,17,277.79,0,255.1,5,12,0,1,9,0
C00044,38,66.97,2,258.2,7,1,0,1,2,1
C00045,46,162.53,7,122.6,2,24,0,1,1,0
C00046,21,259.53,5,81.4,2,36,0,1,2,0
C00047,10,144.31,4,154.9,4,24,0,1,9,0
C00048,16,228.21,1,409.7,5,12,1,1,4,1
C00049,15,215.31,7,352.5,5,6,0,1,1,1
C00050,31,296.84,6,58.8,1,6,1,1,3,0
C00051,50,272.72,1,367.6,1,36,1,1,10,0
C00052,70,241.44,4,134.2,5,1,0,1,5,0
C00053,26,162.42,7,23.7,1,6,0,0,9,0
C00054,9,168.47,3,171.3,6,36,1,0,4,1
C00055,6,303.2,4,296.0,3,1,0,0,1,1
C00056,61,214.2,5,279.7,6,24,0,0,1,1
C00057,18,260.07,4,156.4,6,12,1,1,3,1
C00058,71,70.2,0,374.5,2,36,0,1,4,0
C00059,71,176.84,5,127.9,7,12,1,1,4,1
C00060,48,59.41,1,208.7,5,24,0,0,10,0
C00061,50,313.21,8,287.0,1,24,0,1,6,1
C00062,54,260.99,4,145.2,7,6,0,0,1,1
C00063,19,146.48,0,63.2,2,24,0,0,9,0
C00064,24,257.29,7,212.6,0,24,0,1,6,0
C00065,65,220.58,3,32.8,7,24,1,0,7,0
C00066,12,314.58,7,197.5,1,1,1,1,6,0
C00067,71,236.11,8,202.6,5,6,0,0,3,1
C00068,26,269.32,7,182.9,0,12,0,1,6,0
C00069,10,140.15,0,54.0,2,36,0,1,9,0
C00070,64,62.63,3,81.1,3,12,1,1,2,0
C00071,46,185.16,6,47.5,4,1,0,1,3,1
C00072,9,161.12,7,390.6,6,24,0,1,1,1
C00073,39,305.34,6,161.2,5,12,1,0,6,1
C00074,16,52.41,6,212.5,0,6,1,1,5,0
C00075,61,144.19,8,318.0,0,36,1,0,4,0
C00076,61,198.48,4,382.9,2,6,1,1,6,0
C00077,58,172.39,4,186.1,4,1,1,1,2,0
C00078,42,150.26,8,58.7,0,6,1,1,10,0
C00079,31,258.7,2,382.0,3,24,0,1,9,1
C00080,60,235.91,2,415.2,5,36,0,0,5,0
C00081,21,169.9,3,259.5,3,12,0,0,5,0
C00082,25,213.06,0,80.1,5,36,0,1,1,1
C00083,6,140.54,1,77.5,7,24,0,0,9,0
C00084,31,224.98,6,374.7,3,12,0,1,3,1
C00085,52,308.2,7,134.0,6,36,0,0,4,1
C00086,57,184.09,3,70.9,2,6,1,0,2,1
C00087,23,237.72,7,303.4,6,6,0,1,2,1
C00088,33,199.46,4,103.0,2,36,0,0,1,0
C00089,12,157.77,4,410.5,1,6,1,1,9,0
C00090,70,130.28,7,269.4,2,12,1,0,8,0
C00091,60,278.94,1,294.1,7,12,1,0,4,0
C00092,33,118.53,8,43.3,0,12,1,1,8,0
C00093,23,111.07,5,90.9,7,6,0,1,6,1
C00094,34,318.17,5,351.9,6,36,1,0,4,0
C00095,29,230.32,3,69.2,5,24,1,0,8,0
C00096,7,110.29,4,60.3,4,6,1,0,3,1
C00097,17,92.6,4,330.0,7,1,1,1,5,0
C00098,42,263.27,1,101.4,7,12,0,1,3,0
C00099,36,303.69,7,230.5,7,36,0,0,4,1
C00100,55,107.99,8,210.1,5,6,0,0,1,1
C00101,9,64.91,8,214.2,7,12,0,1,7,0
C00102,26,187.0,3,348.0,0,36,0,1,5,0
C00103,37,82.67,6,138.1,3,6,0,1,4,0
C00104,14,214.66,0,300.6,0,12,0,1,6,0
C00105,22,219.72,4,271.4,3,24,1,0,10,0
C00106,62,205.47,4,383.0,7,12,1,0,8,0
C00107,9,222.59,2,270.5,0,12,1,1,4,1
C00108,4,102.62,3,76.0,2,12,0,1,3,0
C00109,66,150.18,3,387.3,1,36,0,0,4,1
C00110,64,138.86,3,283.9,6,36,0,1,7,0
C00111,24,275.91,6,77.5,3,12,0,0,7,1
C00112,59,315.35,1,12.7,0,36,0,1,2,0
C00113,13,81.4,3,370.4,3,6,0,1,1,1
C00114,65,104.78,5,234.4,2,24,1,0,2,0
C00115,60,62.48,5,356.7,1,6,1,0,9,0
C00116,29,112.44,1,366.4,4,36,1,0,4,0
C00117,33,147.48,5,407.8,1,6,1,0,2,0
C00118,36,66.69,8,275.4,6,6,1,1,8,0
C00119,27,197.82,7,21.1,0,1,0,1,7,1
C00120,68,242.27,0,385.9,3,12,0,0,10,0
C00121,39,280.13,1,391.9,7,1,0,1,9,1
C00122,53,228.07,7,145.5,2,24,0,1,9,0
C00123,42,288.1,4,75.2,3,24,1,0,2,1
C00124,32,167.51,3,295.2,4,12,1,0,9,0
C00125,17,83.17,6,62.6,7,1,1,0,4,1
C00126,37,137.91,5,389.9,6,12,0,0,10,0
C00127,68,153.17,6,325.5,0,12,0,1,8,0
C00128,28,170.68,3,95.4,2,36,1,0,6,0
C00129,11,156.02,3,178.5,7,6,0,1,9,0
C00130,29,165.47,2,342.7,4,12,0,0,8,0
C00131,6,145.18,2,368.2,6,36,0,0,8,0
C00132,3,268.56,2,56.0,2,36,0,0,2,1
C00133,62,228.89,8,217.4,2,24,1,0,1,0
C00134,33,103.44,6,254.2,5,36,0,0,3,1
C00135,38,261.16,7,12.8,2,12,1,1,5,0
C00136,15,256.59,7,296.3,1,6,1,0,4,1
C00137,53,54.77,7,193.4,3,24,0,1,6,0
C00138,25,99.36,3,223.0,3,6,1,1,5,0
C00139,24,205.75,0,134.5,4,24,0,0,6,0
C00140,53,312.04,5,240.9,7,24,1,0,3,0
C00141,56,229.79,5,90.9,0,1,1,0,10,0
C00142,13,105.98,5,249.5,4,36,0,1,9,0
C00143,62,319.37,8,21.4,4,12,1,0,2,1
C00144,46,245.51,4,381.4,3,1,1,0,3,1
C00145,43,195.3,4,264.1,3,6,1,1,4,1
C00146,35,159.25,7,26.7,5,12,0,0,8,1
C00147,47,235.84,5,139.2,5,36,0,0,10,0
C00148,42,114.96,8,296.3,3,24,1,0,6,0
C00149,45,282.29,6,294.9,7,24,0,0,7,1
C00150,69,283.75,7,33.5,4,1,0,0,8,1
C00151,47,238.72,3,152.8,6,1,1,0,8,0
C00152,23,186.66,3,29.9,3,36,0,0,1,0
C00153,1,318.18,8,415.4,1,6,1,0,9,1
C00154,31,176.5,6,148.2,5,1,0,1,4,0
C00155,16,268.58,1,325.0,1,1,0,1,3,0
C00156,57,270.44,6,193.5,0,6,0,0,1,0
C00157,25,102.55,1,371.4,0,24,1,1,8,0
C00158,12,81.49,7,313.8,3,1,1,1,9,0
C00159,42,141.86,5,47.5,0,24,0,1,9,0
C00160,48,132.18,7,343.5,1,36,1,0,3,0
C00161,49,246.3,8,122.2,5,36,1,0,10,0
C00162,49,67.18,5,103.6,1,6,1,1,1,0
C00163,24,168.26,5,30.7,7,1,1,0,7,1
C00164,42,95.65,4,268.5,2,1,0,0,6,0
C00165,43,186.8,3,258.0,6,24,1,0,9,1
C00166,34,83.59,6,117.9,0,1,0,0,10,0
C00167,7,269.58,3,58.4,1,12,1,0,5,1
C00168,71,98.38,5,281.0,4,12,1,1,7,0
C00169,35,187.49,0,329.2,4,1,0,1,7,0
C00170,44,148.66,2,75.8,5,12,0,1,8,0
C00171,72,194.39,8,385.0,4,12,0,0,6,0
C00172,23,265.18,7,23.2,0,1,0,0,4,1
C00173,21,71.11,3,227.4,0,1,0,0,2,1
C00174,29,213.45,7,82.0,0,1,1,1,4,0
C00175,12,227.03,6,349.0,5,12,0,0,1,1
C00176,65,295.33,8,386.7,7,12,0,1,10,0
C00177,42,233.83,0,136.2,3,24,1,1,3,1
C00178,3,314.22,7,8.8,7,36,0,1,7,1
C00179,47,239.52,7,226.5,5,12,1,1,9,0
C00180,70,132.71,4,365.3,6,6,0,0,3,0
C00181,41,268.79,7,299.3,1,12,1,0,5,1
C00182,21,254.95,4,350.1,0,24,1,0,9,0
C00183,46,84.82,6,310.3,0,36,1,0,9,0
C00184,35,89.71,2,242.9,4,24,0,1,1,0
C00185,61,215.81,7,266.0,7,36,0,1,4,1
C00186,38,208.71,6,175.0,3,12,0,0,6,1
C00187,35,120.37,4,98.8,1,6,1,0,5,0
C00188,8,205.5,1,208.2,3,24,1,0,2,1
C00189,38,140.5,1,232.5,6,24,1,1,4,0
C00190,47,164.89,1,311.0,7,12,0,0,8,0
C00191,60,187.8,4,375.1,7,36,1,1,10,0
C00192,49,64.4,4,20.4,0,1,1,0,4,0
C00193,13,85.24,8,27.5,3,24,0,1,6,0
C00194,16,299.38,7,381.8,1,1,0,0,6,1
C00195,1,119.06,1,84.8,1,12,1,0,2,1
C00196,43,253.84,6,197.2,6,6,0,1,2,1
C00197,30,123.18,2,268.9,0,24,1,1,3,0
C00198,48,155.23,5,248.1,7,6,1,1,7,0
C00199,43,60.86,5,283.4,4,12,1,0,4,1
C00200,50,284.66,2,226.6,2,24,1,0,8,0
C00201,64,121.58,7,366.4,5,24,0,1,10,0
C00202,16,227.13,3,223.3,3,1,0,0,4,1
C00203,10,245.21,7,10.2,7,12,0,1,9,0
C00204,43,142.32,5,297.0,6,12,1,1,4,1
C00205,36,278.53,2,64.1,1,1,1,1,9,0
C00206,41,90.44,3,238.7,3,24,0,0,4,0
C00207,55,169.72,0,69.0,1,12,0,1,7,0
C00208,32,159.77,2,398.3,3,12,0,0,6,0
C00209,9,61.72,7,364.0,0,1,0,0,7,0
C00210,52,118.97,2,391.2,5,1,1,1,1,0
C00211,18,147.14,0,364.7,3,12,0,0,7,0
C00212,18,264.46,8,415.7,6,36,0,1,1,1
C00213,63,254.14,3,287.4,6,36,0,0,5,0
C00214,24,260.82,4,339.0,4,6,1,0,1,1
C00215,60,70.94,3,201.6,1,1,1,1,7,0
C00216,72,57.58,2,339.7,7,6,0,0,4,1
C00217,43,109.64,1,369.6,4,1,0,0,8,0
C00218,15,211.82,0,319.1,4,6,0,1,7,0
C00219,70,233.5,0,205.0,5,36,1,0,1,1
C00220,66,279.99,8,300.9,0,24,0,0,4,1
C00221,16,183.42,6,250.8,4,12,0,0,10,1
C00222,13,103.72,4,137.7,2,6,0,1,8,0
C00223,56,190.53,1,188.8,2,36,1,1,2,0
C00224,3,168.66,3,56.5,6,1,1,0,4,1
C00225,20,241.62,7,59.7,6,6,0,0,6,0
C00226,31,158.32,4,248.6,2,1,0,0,4,1
C00227,11,66.12,7,264.9,2,36,0,1,4,0
C00228,25,260.57,6,303.3,0,1,0,0,6,0
C00229,64,82.82,2,164.8,5,6,0,1,7,0
C00230,45,254.72,5,312.5,0,1,0,1,5,0
C00231,19,154.03,0,403.0,3,12,1,1,6,0
C00232,71,178.13,0,20.5,0,1,1,1,2,0
C00233,18,187.83,2,143.4,5,1,1,0,8,0
C00234,38,165.59,7,410.1,7,6,0,0,7,1
C00235,20,253.39,4,151.2,6,12,1,0,10,0
C00236,65,156.01,2,67.9,6,36,0,0,5,0
C00237,50,179.52,5,318.3,5,24,0,0,4,1
C00238,8,308.93,5,88.1,6,24,1,1,6,1
C00239,68,191.47,0,255.5,2,36,0,0,10,0
C00240,1,53.89,4,228.3,4,1,0,0,9,0
C00241,48,169.4,8,329.0,6,24,1,0,1,0
C00242,47,241.37,7,24.7,5,1,1,0,7,1
C00243,55,138.58,2,327.4,4,24,0,1,8,0
C00244,10,287.66,8,369.7,2,1,0,0,6,1
C00245,52,106.7,6,45.5,7,12,0,1,4,1
C00246,26,90.16,8,72.1,1,24,0,0,2,0
C00247,34,309.7,0,53.0,4,6,0,1,9,0
C00248,38,46.42,2,388.6,5,6,0,1,7,1
C00249,69,130.39,8,32.3,0,36,1,1,7,0
C00250,3,63.78,4,184.9,1,6,1,0,10,1
C00251,3,317.5,7,54.6,4,1,1,0,8,1
C00252,52,261.82,0,182.8,3,1,1,1,3,0
C00253,42,243.55,5,143.8,2,24,1,0,1,1
C00254,53,245.35,0,231.5,1,24,0,1,3,0
C00255,50,60.53,1,300.3,3,1,0,1,1,1
C00256,34,155.41,4,143.7,7,36,0,1,7,0
C00257,60,226.16,7,8.2,6,6,0,1,8,0
C00258,33,236.46,0,414.3,3,1,0,0,6,1
C00259,32,178.62,1,210.1,3,24,0,1,3,0
C00260,5,288.7,3,174.2,6,36,1,0,4,1
C00261,49,196.46,7,30.0,7,6,1,1,6,1
C00262,2,177.17,4,199.4,4,12,1,1,1,0
C00263,5,108.98,1,87.0,4,6,1,1,5,1
C00264,1,133.75,4,223.1,2,1,1,1,5,0
C00265,36,181.88,1,79.0,4,6,0,0,6,0
C00266,44,93.98,0,166.6,5,1,0,0,10,0
C00267,48,125.32,3,381.6,1,6,0,1,2,0
C00268,63,236.42,7,41.4,6,12,0,1,1,1
C00269,25,254.07,4,111.6,3,24,1,0,3,0
C00270,60,101.39,7,151.8,5,24,1,1,3,0
C00271,54,64.8,4,47.8,4,12,0,0,5,1
C00272,53,222.84,3,288.4,5,36,0,0,9,0
C00273,9,77.52,6,314.6,3,24,0,0,1,1
C00274,23,138.97,1,163.5,1,24,0,1,5,0
C00275,59,124.55,7,85.9,5,1,0,0,5,1
C00276,69,219.66,3,418.4,5,36,1,0,10,0
C00277,35,310.14,7,181.0,7,12,0,1,2,1
C00278,59,302.42,5,29.9,1,6,1,0,1,1
C00279,48,171.45,4,96.3,4,6,1,1,2,0
C00280,19,184.78,5,310.6,1,36,1,1,5,0
C00281,23,244.3,6,313.1,2,24,0,1,10,0
C00282,59,48.53,6,25.8,7,24,0,0,1,1
C00283,27,265.95,0,25.8,1,6,1,0,9,0
C00284,39,101.4,5,193.6,6,1,0,1,10,0
C00285,65,302.76,0,271.1,2,24,0,0,9,0
C00286,10,141.2,4,88.5,2,12,0,1,5,1
C00287,27,198.72,7,147.6,1,1,1,0,8,0
C00288,69,316.26,1,52.8,1,12,1,0,9,0
C00289,27,316.41,1,386.3,3,36,0,1,7,0
C00290,14,56.01,8,84.3,0,6,1,0,7,0
C00291,57,227.5,1,303.1,7,36,0,0,7,0
C00292,3,125.94,5,113.8,1,24,1,0,8,0
C00293,2,67.78,4,153.8,6,24,0,0,6,0
C00294,22,167.16,2,127.2,2,6,1,0,7,0
C00295,33,104.66,4,199.0,2,1,1,0,5,0
C00296,65,136.37,4,279.3,6,6,0,1,7,1
C00297,72,148.11,0,163.5,7,36,0,1,1,0
C00298,24,168.81,0,59.9,1,6,1,0,8,0
C00299,20,249.77,5,398.9,7,36,1,1,2,1
C00300,1,276.33,2,209.6,7,36,1,0,2,1
C00301,32,182.26,6,215.5,0,24,1,1,9,0
C00302,60,261.26,1,234.7,4,36,1,0,9,0
C00303,13,189.08,8,128.0,5,36,1,1,2,0
C00304,61,195.57,0,208.9,4,24,1,0,10,0
C00305,57,64.37,0,83.7,7,24,1,1,1,0
C00306,66,301.98,2,49.4,2,6,1,1,8,0
C00307,63,157.13,8,388.1,1,1,1,0,4,0
C00308,42,166.34,6,110.7,4,24,0,1,8,1
C00309,40,156.55,6,180.5,3,36,1,0,7,0
C00310,43,194.83,4,96.1,4,6,0,0,3,0
C00311,9,243.1,2,16.7,4,36,0,1,4,1
C00312,50,165.25,3,38.8,2,12,1,0,1,0
C00313,54,206.78,6,266.8,0,6,0,0,4,0
C00314,63,313.74,4,414.9,3,6,1,0,3,0
C00315,5,95.3,5,377.2,1,1,0,0,6,0
C00316,69,272.75,2,153.6,6,12,1,0,4,1
C00317,29,168.56,2,180.6,5,36,0,1,8,0
C00318,27,98.43,0,164.0,6,6,1,1,4,0
C00319,52,265.54,6,294.1,2,6,0,1,1,1
C00320,46,62.77,0,366.7,5,6,0,1,7,0
C00321,27,309.72,8,214.4,1,24,1,1,2,1
C00322,34,240.41,4,244.6,3,6,0,1,6,1
C00323,68,52.45,5,182.6,5,12,0,1,7,0
C00324,44,192.09,0,343.5,3,1,0,0,2,1
C00325,40,149.44,6,12.9,4,12,0,0,7,0
C00326,24,148.03,8,204.8,5,36,1,1,8,0
C00327,52,241.09,6,389.5,5,12,1,0,8,1
C00328,3,83.66,7,415.3,5,12,0,1,2,0
C00329,13,165.53,8,122.9,4,24,0,1,10,0
C00330,17,303.93,3,280.7,5,12,1,1,6,0
C00331,16,66.97,3,375.2,1,6,0,0,5,0
C00332,10,237.84,0,105.1,5,6,1,0,7,0
C00333,9,288.13,1,5.3,7,12,1,0,6,1
C00334,43,136.19,8,362.7,7,6,1,1,2,1
C00335,4,232.9,4,237.2,4,24,0,0,1,1
C00336,71,149.8,8,297.8,6,6,0,0,10,0
C00337,38,173.88,2,392.3,6,1,1,1,7,0
C00338,58,247.78,7,257.4,4,6,0,0,4,1
C00339,55,297.42,4,184.7,3,1,0,0,8,0
C00340,33,154.22,4,332.4,6,1,0,1,5,0
C00341,52,283.37,3,303.1,3,1,0,1,6,1
C00342,7,48.55,2,331.5,7,12,1,1,7,0
C00343,42,58.87,2,361.9,2,24,0,0,7,0
C00344,44,244.7,4,357.6,2,36,0,0,1,1
C00345,43,160.19,8,195.3,6,12,0,1,3,1
C00346,21,53.84,8,289.5,1,1,0,1,8,1
C00347,27,215.28,5,155.4,5,36,1,0,4,1
C00348,31,170.21,5,17.7,4,6,0,1,9,0
C00349,14,278.25,5,379.7,2,24,0,0,4,1
C00350,65,192.15,1,389.3,1,12,0,1,6,0
C00351,8,58.82,1,334.2,1,6,1,1,4,0
C00352,35,165.72,4,6.3,2,1,0,0,6,0
C00353,43,139.59,0,21.6,3,12,1,0,4,0
C00354,34,291.38,2,285.1,1,6,0,1,5,0
C00355,28,139.22,8,49.7,6,1,1,1,3,1
C00356,39,231.27,3,279.1,5,36,0,0,1,1
C00357,62,230.11,8,272.0,1,24,1,0,4,1
C00358,58,266.85,1,416.3,4,12,1,1,10,0
C00359,5,179.81,2,67.5,0,36,1,1,8,0
C00360,11,226.1,6,326.8,5,12,1,0,1,1
C00361,61,193.68,4,113.7,6,6,1,0,1,1
C00362,4,109.23,7,366.9,2,12,0,0,1,1
C00363,20,198.81,0,33.8,4,1,1,0,7,0
C00364,16,265.55,8,389.7,2,12,0,1,1,1
C00365,67,254.07,0,34.0,1,24,1,1,4,0
C00366,44,84.9,5,136.8,2,36,0,0,3,0
C00367,18,143.29,1,143.2,4,24,0,1,5,0
C00368,28,63.14,5,333.6,5,6,1,0,6,1
C00369,23,253.02,3,322.2,6,12,1,1,3,0
C00370,44,153.09,2,419.6,1,12,1,0,9,0
C00371,70,305.79,0,94.9,7,6,0,1,6,0
C00372,41,148.72,6,304.7,6,1,1,0,3,1
C00373,32,216.91,8,27.4,7,12,0,1,5,1
C00374,44,252.06,5,195.4,6,24,1,1,8,0
C00375,62,205.26,6,350.6,1,36,0,0,1,1
C00376,46,209.77,7,352.0,3,24,0,1,1,1
C00377,26,90.49,8,308.0,2,24,1,0,8,0
C00378,57,164.04,2,328.2,4,12,0,1,8,0
C00379,20,83.84,5,155.3,7,36,0,1,5,0
C00380,72,230.06,8,119.2,7,6,0,0,5,1
C00381,69,242.05,0,127.5,1,36,0,0,10,0
C00382,12,226.53,2,249.3,4,24,0,1,10,0
C00383,11,305.81,8,244.2,6,6,0,1,8,1
C00384,30,178.92,8,404.7,6,12,1,0,6,1
C00385,6,173.0,3,310.6,5,24,0,0,1,1
C00386,41,57.38,1,9.5,7,12,1,1,2,0
C00387,15,220.62,2,245.5,1,12,0,1,8,0
C00388,48,87.84,6,355.6,6,24,0,0,3,1
C00389,26,165.39,6,109.1,4,24,1,1,5,0
C00390,34,187.6,3,219.0,3,6,0,1,8,0
C00391,27,206.26,7,290.8,4,36,0,0,4,0
C00392,42,207.09,1,252.9,3,36,1,0,9,1
C00393,35,228.46,2,395.8,0,6,0,0,9,0
C00394,61,172.97,5,398.1,7,12,0,1,6,1
C00395,72,274.59,0,241.1,3,36,1,1,5,0
C00396,17,185.51,2,284.7,1,24,0,1,8,1
C00397,22,288.82,1,329.5,2,12,1,1,9,0
C00398,50,258.81,6,306.8,7,36,1,1,3,1
C00399,39,318.41,1,198.6,4,36,0,0,3,1
C00400,1,229.22,6,143.2,1,1,0,1,4,0
C00401,56,64.83,5,72.8,7,24,1,0,6,0
C00402,37,143.56,7,345.8,2,1,0,0,2,0
C00403,17,109.81,6,19.0,3,1,0,0,2,1
C00404,48,185.55,6,111.0,2,12,1,0,6,1
C00405,48,283.73,1,77.2,3,24,1,1,2,0
C00406,19,94.45,0,153.7,2,1,0,0,4,0
C00407,62,105.97,0,328.3,4,1,1,1,7,0
C00408,46,198.01,0,330.6,3,6,1,0,3,0
C00409,7,317.39,7,246.1,0,1,1,0,8,1
C00410,38,176.68,5,5.8,5,6,0,1,10,0
C00411,22,170.92,4,378.7,1,6,0,1,1,1
C00412,60,280.22,7,69.6,3,12,1,0,4,1
C00413,26,103.19,6,98.0,5,1,0,0,6,1
C00414,41,143.46,3,73.3,4,1,1,0,7,0
C00415,7,157.0,2,166.4,1,6,1,0,6,0
C00416,24,307.44,3,126.1,6,36,0,0,9,1
C00417,41,84.7,1,85.8,3,36,0,1,8,0
C00418,3,152.76,5,340.7,6,1,0,1,8,1
C00419,66,235.03,5,313.4,7,24,1,1,10,0
C00420,41,234.94,6,82.8,4,36,1,0,3,1
C00421,16,152.45,3,228.7,5,24,1,0,8,0
C00422,27,264.83,0,411.5,7,6,1,0,10,0
C00423,26,228.47,2,62.4,1,12,0,1,8,0
C00424,15,143.27,8,43.7,5,36,0,1,1,1
C00425,49,191.74,8,178.8,1,1,1,1,8,0
C00426,56,234.76,0,69.9,4,1,0,1,10,0
C00427,29,273.29,8,233.5,6,24,0,1,1,1
C00428,39,184.79,0,250.1,6,12,1,1,6,0
C00429,40,164.55,8,331.7,7,12,1,0,5,1
C00430,63,190.59,0,411.1,3,6,0,1,3,0
C00431,31,257.63,0,322.8,5,24,1,1,9,0
C00432,39,64.28,2,80.4,0,6,1,1,9,0
C00433,68,264.62,1,13.6,4,1,0,0,9,0
C00434,16,139.56,3,266.7,1,12,1,0,6,0
C00435,23,236.7,2,294.8,6,6,1,0,9,1
C00436,1,231.32,6,52.6,5,1,1,1,3,1
C00437,37,61.99,8,177.1,7,6,1,1,4,1
C00438,48,217.75,1,314.9,6,36,0,0,1,1
C00439,32,88.37,2,112.2,0,1,0,1,9,0
C00440,11,257.62,2,107.9,0,1,0,0,8,0
C00441,72,318.61,4,16.8,0,6,0,1,10,0
C00442,33,53.99,7,380.0,3,6,1,1,9,0
C00443,38,203.36,2,273.0,5,36,0,0,5,0
C00444,49,126.82,7,53.9,2,36,1,1,8,0
C00445,27,206.3,2,259.2,4,1,1,1,10,0
C00446,60,291.72,5,215.6,2,24,0,0,10,0
C00447,26,236.09,2,331.5,0,1,1,0,3,0
C00448,68,257.22,6,111.7,5,1,0,0,3,1
C00449,48,143.74,1,361.3,3,24,1,0,5,0
C00450,45,247.23,0,201.3,5,6,0,1,6,0
C00451,21,194.56,5,320.7,7,36,0,0,5,1
C00452,31,71.48,2,218.6,7,1,1,0,5,1
C00453,63,138.21,3,6.4,1,24,1,0,8,0
C00454,61,295.11,1,407.1,1,12,0,1,8,0
C00455,2,103.6,3,352.4,1,24,0,1,4,0
C00456,34,243.62,4,272.3,0,1,1,0,2,1
C00457,21,93.47,2,238.3,3,36,0,1,2,1
C00458,19,287.39,2,156.0,6,36,1,0,10,0
C00459,29,49.2,8,202.3,0,24,0,1,6,0
C00460,49,140.24,4,264.1,3,12,1,0,4,0
C00461,24,90.27,3,402.9,3,6,0,0,8,0
C00462,62,261.98,1,382.9,3,12,0,0,9,0
C00463,17,89.83,6,178.1,3,24,1,0,2,1
C00464,25,202.05,3,165.4,2,36,0,1,3,0
C00465,37,289.39,3,142.4,5,12,1,0,2,1
C00466,7,301.57,2,207.8,0,1,0,1,2,1
C00467,44,153.35,5,107.0,4,6,0,1,7,0
C00468,12,84.69,5,309.6,1,36,1,1,2,0
C00469,48,156.65,2,155.8,6,1,0,0,10,0
C00470,3,63.03,7,410.6,0,6,0,0,5,1
C00471,44,153.43,7,224.3,7,6,1,0,10,0
C00472,31,228.7,8,48.1,5,12,1,1,10,0
C00473,65,132.63,0,141.4,7,36,1,0,3,0
C00474,2,234.76,6,102.5,3,1,1,1,2,1
C00475,20,101.29,4,136.3,6,24,1,0,8,0
C00476,50,158.55,6,90.9,0,1,1,0,8,0
C00477,33,119.7,3,188.6,5,24,0,1,8,0
C00478,28,287.7,8,213.4,4,24,0,1,6,1
C00479,67,128.23,7,88.1,7,6,0,0,5,1
C00480,32,276.68,0,7.7,5,24,0,0,9,0
C00481,43,263.82,1,265.7,7,24,1,1,2,1
C00482,6,289.17,6,147.0,2,1,0,1,1,1
C00483,5,182.37,8,212.1,7,12,1,0,8,0
C00484,66,87.27,1,353.9,3,6,1,1,1,0
C00485,9,137.66,0,227.1,7,36,0,0,8,0
C00486,63,127.16,4,309.0,6,24,1,0,4,1
C00487,16,195.21,3,106.7,6,1,0,0,8,1
C00488,67,162.15,1,90.0,1,36,0,1,7,0
C00489,22,186.68,8,314.2,2,6,1,0,10,0
C00490,37,166.01,3,272.9,4,36,0,1,3,0
C00491,63,147.88,1,208.2,0,24,0,0,5,0
C00492,20,102.89,0,86.2,1,24,0,0,2,0
C00493,61,237.17,6,271.6,2,12,1,1,3,0
C00494,47,115.83,3,196.8,6,1,0,0,6,0
C00495,25,79.03,0,259.2,2,36,1,0,2,0
C00496,17,128.18,3,272.7,2,6,0,1,1,0
C00497,51,306.09,0,393.6,6,24,1,0,4,0
C00498,9,224.0,5,61.3,3,36,0,1,8,1
C00499,47,112.02,0,341.6,1,36,0,1,9,0
C00500,65,142.45,0,241.2,2,6,1,1,2,0
C00501,46,222.12,0,335.7,0,36,1,0,10,1
C00502,44,125.6,8,335.4,3,12,0,0,2,1
C00503,20,169.2,3,418.1,3,24,1,0,3,1
C00504,5,246.48,8,289.5,3,6,1,0,8,1
C00505,69,312.21,0,276.2,0,12,1,1,4,0
C00506,38,309.0,4,244.5,4,1,1,0,2,1
C00507,13,187.18,8,378.0,2,6,0,0,3,1
C00508,30,109.4,4,190.9,7,1,0,0,8,1
C00509,8,126.15,8,98.8,5,36,1,1,3,0
C00510,20,127.47,4,342.6,6,24,0,1,10,0
C00511,9,97.28,8,225.9,4,36,0,0,8,0
C00512,67,118.07,7,40.3,0,12,0,0,2,0
C00513,54,127.83,0,40.7,0,36,1,1,5,0
C00514,43,255.6,1,138.1,3,12,1,0,8,1
C00515,20,103.65,0,200.4,0,24,1,1,10,0
C00516,20,270.23,0,255.9,0,24,1,1,6,0
C00517,68,229.68,7,332.1,4,36,1,0,6,1
C00518,6,223.04,2,140.1,1,36,0,1,5,0
C00519,37,243.09,5,383.7,1,24,0,1,10,0
C00520,26,204.25,2,417.3,4,6,1,0,10,1
C00521,43,134.92,8,339.8,4,24,0,1,4,1
C00522,57,106.39,4,345.2,3,36,0,1,1,0
C00523,18,204.04,3,251.7,2,6,1,0,8,0
C00524,43,91.61,8,153.6,7,24,0,1,4,1
C00525,16,207.94,8,90.7,4,24,1,0,9,1
C00526,12,116.38,5,63.9,0,36,1,1,2,0
C00527,41,46.33,0,303.3,2,1,0,1,10,0
C00528,61,72.9,5,6.2,2,1,1,0,7,0
C00529,50,229.94,5,72.0,2,6,0,0,8,0
C00530,42,257.58,5,200.3,0,6,1,0,5,1
C00531,22,121.3,5,170.4,6,24,1,0,8,1
C00532,57,265.45,5,290.4,7,6,0,1,7,1
C00533,61,132.47,5,80.6,5,12,0,0,1,1
C00534,44,143.84,7,398.8,3,12,0,0,9,0
C00535,10,203.7,0,12.9,0,6,0,1,7,0
C00536,72,96.69,4,243.7,1,1,1,1,6,0
C00537,58,231.54,3,144.6,3,6,1,0,3,1
C00538,25,319.38,4,278.5,0,1,0,1,2,1
C00539,71,114.35,7,29.0,3,1,0,0,9,0
C00540,65,177.52,7,237.2,1,36,0,0,7,0
C00541,50,165.22,5,235.6,2,36,1,0,8,0
C00542,61,60.43,3,106.7,4,1,0,1,8,0
C00543,15,183.35,6,145.3,6,36,0,1,5,0
C00544,23,199.9,1,77.9,3,24,1,0,4,0
C00545,70,303.78,6,228.5,7,1,0,1,1,1
C00546,21,250.47,0,328.2,1,12,1,1,8,0
C00547,64,48.32,1,120.4,7,36,0,0,4,0
C00548,69,114.38,2,390.4,0,24,1,1,8,0
C00549,17,153.24,8,404.0,2,1,0,0,3,1
C00550,50,84.68,1,259.4,1,12,1,0,1,0
C00551,38,285.8,2,369.4,4,12,0,0,2,0
C00552,52,215.57,5,240.3,6,24,1,1,1,1
C00553,45,156.2,0,19.6,2,6,0,1,10,0
C00554,40,227.22,4,288.6,1,24,1,1,8,0
C00555,13,46.42,3,375.9,2,1,0,1,8,0
C00556,38,148.35,3,326.9,3,6,1,0,8,0
C00557,58,256.76,5,151.9,2,24,1,1,5,0
C00558,52,288.47,5,329.1,7,12,1,0,5,1
C00559,23,85.4,6,388.5,6,36,0,0,10,0
C00560,16,162.74,6,42.9,6,24,0,0,1,1
C00561,9,244.11,1,358.3,1,12,1,1,9,0
C00562,7,88.66,8,34.4,2,12,1,1,2,1
C00563,34,237.46,4,234.6,3,1,1,1,9,0
C00564,67,119.64,7,136.0,5,1,1,1,4,1
C00565,11,241.11,5,151.1,7,1,0,0,3,1
C00566,59,59.21,4,319.0,2,6,0,1,6,0
C00567,72,214.6,6,32.4,4,6,0,0,5,0
C00568,60,229.08,1,409.7,4,24,1,0,1,1
C00569,64,264.17,1,268.7,0,36,1,1,4,0
C00570,14,116.42,4,387.4,6,36,0,0,7,1
C00571,35,314.97,2,256.4,6,12,0,1,1,0
C00572,61,190.9,0,234.4,1,6,1,1,5,0
C00573,53,297.95,7,137.3,4,6,0,0,2,1
C00574,62,301.5,8,169.6,4,12,1,1,8,1
C00575,1,52.67,8,314.4,7,24,1,0,1,1
C00576,40,259.69,8,133.2,6,1,1,1,7,1
C00577,36,237.6,6,59.8,7,24,1,1,10,0
C00578,28,160.27,8,323.6,0,24,1,0,6,0
C00579,66,228.36,6,273.4,0,6,0,0,6,0
C00580,33,301.47,2,87.1,2,6,0,0,4,0
C00581,28,95.25,3,241.7,3,1,0,1,2,1
C00582,45,62.91,3,294.5,4,12,1,1,10,0
C00583,41,159.9,4,219.8,0,24,1,0,5,0
C00584,16,110.22,4,203.2,7,1,1,0,8,1
C00585,65,82.21,5,197.7,5,6,1,0,3,0
C00586,29,284.27,4,138.7,7,24,1,1,3,1
C00587,53,257.74,5,41.8,4,6,0,0,10,0
C00588,67,199.72,1,109.7,0,12,1,1,8,0
C00589,6,103.9,5,238.8,2,36,1,0,3,0
C00590,53,312.59,0,142.2,5,24,0,1,6,0
C00591,1,169.87,4,388.1,4,24,1,1,8,1
C00592,9,118.78,4,177.3,3,6,0,1,10,0
C00593,27,299.08,1,10.4,6,1,0,1,10,0
C00594,63,247.08,0,411.1,6,36,1,1,8,0
C00595,23,201.93,0,124.4,6,24,1,0,8,0
C00596,13,139.66,1,119.1,3,36,0,1,5,0
C00597,59,55.93,3,124.2,3,36,0,1,2,0
C00598,65,267.0,3,224.4,6,36,0,1,2,1
C00599,9,296.71,5,225.0,7,12,1,1,8,0
C00600,50,252.02,1,360.9,3,24,0,0,3,1
C00601,1,186.6,2,286.9,4,1,0,1,1,1
C00602,67,89.31,8,224.3,4,1,0,1,8,0
C00603,2,271.83,1,84.3,5,1,0,0,1,1
C00604,39,106.39,8,298.9,7,6,0,1,9,0
C00605,33,205.8,8,162.5,1,36,1,1,1,0
C00606,48,164.96,4,186.2,4,36,1,0,3,1
C00607,7,288.58,0,287.5,2,1,0,1,3,1
C00608,10,106.96,3,67.3,1,1,1,0,7,0
C00609,70,244.55,3,182.4,6,6,1,0,3,0
C00610,55,318.96,5,403.8,6,12,0,1,1,1
C00611,69,184.49,1,54.7,5,36,0,0,3,0
C00612,43,116.44,6,82.3,5,1,0,0,9,0
C00613,65,295.37,7,170.2,1,12,1,1,10,0
C00614,9,117.14,4,289.9,2,36,0,0,1,1
C00615,52,77.0,4,151.3,7,1,1,1,10,0
C00616,25,108.28,8,274.1,4,24,1,1,8,0
C00617,31,271.32,6,393.6,3,12,0,1,2,0
C00618,55,179.99,0,281.7,6,12,1,0,8,0
C00619,5,56.55,6,409.1,5,1,1,0,5,1
C00620,54,90.7,7,178.6,6,36,0,1,8,0
C00621,71,71.85,2,203.0,7,24,1,0,8,0
C00622,43,236.72,8,152.5,7,12,1,0,9,1
C00623,32,112.75,2,255.2,3,6,0,1,1,0
C00624,68,285.88,3,377.7,7,6,1,0,5,1
C00625,22,60.4,6,189.6,5,1,0,0,2,1
C00626,57,120.13,2,276.0,7,12,1,1,8,0
C00627,68,124.89,6,398.6,7,6,0,0,9,1
C00628,56,49.56,8,354.5,6,1,0,0,6,0
C00629,29,101.6,8,168.0,5,24,1,0,7,1
C00630,40,233.07,4,9.9,0,36,1,0,9,0
C00631,15,201.1,3,63.4,2,36,0,1,5,0
C00632,9,226.26,4,390.1,6,36,1,1,2,1
C00633,30,267.46,5,364.2,1,24,0,0,4,0
C00634,71,252.09,8,56.4,0,6,0,0,10,0
C00635,67,76.77,8,313.4,1,12,0,1,8,0
C00636,27,65.3,7,7.7,5,36,1,0,6,0
C00637,70,57.45,0,277.0,1,12,0,1,2,0
C00638,38,298.18,1,65.7,0,36,0,0,6,0
C00639,60,312.03,0,262.6,1,6,0,0,8,0
C00640,23,267.81,4,292.0,5,24,0,1,7,0
C00641,51,226.35,1,156.8,2,36,1,1,8,0
C00642,28,176.52,6,139.9,1,1,0,0,8,0
C00643,44,143.07,3,307.1,0,1,0,1,9,0
C00644,1,271.51,1,339.9,4,36,0,0,2,1
C00645,11,162.82,2,165.1,2,24,1,1,7,0
C00646,43,151.89,8,117.5,5,36,0,1,6,0
C00647,71,105.19,0,180.2,3,1,0,0,6,0
C00648,62,133.71,3,297.3,3,1,0,0,8,1
C00649,37,191.54,5,195.0,4,6,1,0,2,1
C00650,28,69.69,6,399.8,1,12,1,0,10,0
C00651,2,253.02,3,262.9,0,1,1,1,5,0
C00652,30,229.78,8,335.5,2,1,1,0,4,1
C00653,52,177.72,2,139.4,3,1,0,0,3,1
C00654,12,97.22,5,127.8,5,24,0,1,1,0
C00655,15,313.3,1,394.4,2,12,1,1,9,0
C00656,17,250.41,6,410.7,1,36,0,0,5,1
C00657,56,233.92,0,72.2,4,12,1,1,4,0
C00658,67,130.69,3,340.0,7,1,1,1,7,0
C00659,40,174.41,7,138.2,7,12,1,0,4,1
C00660,11,256.25,4,102.9,5,6,0,0,7,1
C00661,64,114.09,7,374.7,6,24,1,0,5,0
C00662,42,46.79,4,293.5,4,36,0,0,10,0
C00663,62,102.32,2,301.7,7,12,0,0,5,0
C00664,42,317.3,7,72.2,1,1,1,0,2,1
C00665,25,100.47,0,309.4,6,12,0,0,6,0
C00666,51,155.55,4,201.4,7,36,0,1,10,0
C00667,6,293.54,6,329.8,5,12,1,0,7,1
C00668,6,51.83,3,13.6,1,24,0,0,8,0
C00669,8,284.08,1,10.8,5,1,0,1,5,1
C00670,12,205.57,4,307.9,6,6,1,0,6,0
C00671,71,245.51,7,317.2,4,6,0,1,4,1
C00672,8,65.14,4,217.2,0,24,1,1,2,0
C00673,62,54.87,7,70.4,3,12,0,1,3,0
C00674,47,255.26,2,185.7,4,1,1,0,7,1
C00675,40,268.72,2,166.8,7,12,0,1,1,1
C00676,72,276.53,4,128.0,1,12,0,0,2,0
C00677,33,148.08,5,82.2,5,12,0,1,2,1
C00678,67,237.02,1,231.0,4,12,1,1,6,0
C00679,55,286.98,1,173.5,7,1,0,1,10,0
C00680,66,178.2,6,411.2,6,1,0,0,10,1
C00681,40,220.56,0,109.8,4,24,1,0,5,0
C00682,32,84.71,3,399.7,0,6,0,1,2,0
C00683,64,286.94,4,341.8,3,12,0,0,8,0
C00684,40,154.96,4,116.4,1,12,0,1,3,0
C00685,16,267.77,0,136.9,0,12,1,1,6,0
C00686,37,72.49,1,84.4,6,1,1,0,1,1
C00687,25,251.24,4,314.8,2,36,1,1,4,1
C00688,46,246.2,6,384.2,3,36,0,1,1,1
C00689,71,150.01,4,80.0,1,12,0,0,4,0
C00690,12,56.12,5,40.9,4,24,0,1,9,0
C00691,62,174.68,7,119.3,7,24,0,0,10,0
C00692,27,302.45,8,413.9,7,36,0,0,2,1
C00693,3,248.53,6,223.9,6,24,0,0,2,1
C00694,59,101.89,7,47.3,1,1,0,0,9,0
C00695,58,246.04,3,282.2,0,24,0,1,1,0
C00696,59,134.54,5,338.0,0,12,1,0,5,0
C00697,15,95.95,8,183.0,5,6,0,0,7,1
C00698,56,134.83,3,271.4,3,6,1,0,4,0
C00699,21,193.09,6,73.2,6,36,1,1,10,0
C00700,6,152.76,2,394.5,1,12,1,1,1,0
C00701,34,318.54,8,18.5,7,6,0,1,2,1
C00702,16,204.6,7,368.1,7,12,1,0,4,1
C00703,58,153.39,0,125.7,5,1,1,1,4,0
C00704,66,68.63,6,162.4,2,1,1,1,3,0
C00705,14,104.24,5,122.3,1,12,1,1,5,0
C00706,56,264.35,1,256.5,7,24,1,1,2,0
C00707,18,243.15,8,218.4,2,1,0,0,1,1
C00708,5,224.79,6,95.3,6,24,0,1,5,1
C00709,46,190.7,1,239.7,1,1,1,0,9,0
C00710,61,196.97,6,6.1,6,6,1,0,7,1
C00711,5,48.91,0,348.4,2,6,0,0,8,0
C00712,68,309.92,1,282.5,5,36,1,0,4,0
C00713,31,193.54,2,14.8,5,1,1,1,6,0
C00714,14,92.07,2,113.3,4,1,1,1,8,0
C00715,12,128.1,5,354.2,2,6,1,1,10,0
C00716,15,165.37,4,294.5,1,12,0,0,9,0
C00717,18,284.32,5,213.7,4,12,1,0,7,0
C00718,43,175.26,1,44.8,3,36,0,1,8,0
C00719,47,215.02,0,101.9,4,12,0,0,4,0
C00720,52,156.29,2,73.3,0,6,0,0,5,0
C00721,47,268.04,2,25.8,7,36,0,1,9,1
C00722,16,165.35,3,276.3,2,36,1,1,9,0
C00723,45,307.51,8,175.9,4,36,0,0,8,0
C00724,60,70.06,2,31.7,2,24,1,0,9,0
C00725,22,50.3,1,129.5,7,36,1,1,4,0
C00726,3,265.33,3,335.9,5,36,1,0,5,0
C00727,11,130.26,1,372.7,6,12,1,0,3,0
C00728,50,107.98,0,338.0,4,1,1,1,10,0
C00729,6,230.31,1,80.3,1,24,0,1,8,0
C00730,47,238.96,4,7.5,1,36,0,1,10,0
C00731,33,109.57,6,229.8,6,1,0,1,1,1
C00732,27,56.92,5,299.0,1,6,0,0,7,0
C00733,69,289.0,8,389.3,3,24,1,0,1,0
C00734,55,127.47,1,309.5,3,1,1,0,3,0
C00735,61,94.89,5,336.8,3,1,1,0,5,1
C00736,27,237.07,8,217.8,2,24,1,0,2,1
C00737,63,215.32,5,140.0,6,24,1,1,7,0
C00738,35,55.78,2,417.7,1,6,0,0,8,0
C00739,69,237.58,6,161.8,1,36,1,0,3,0
C00740,59,230.47,5,34.8,1,12,1,0,4,0
C00741,63,196.25,6,358.0,2,24,1,1,9,0
C00742,12,257.54,7,145.3,5,24,1,0,5,1
C00743,36,203.89,8,40.8,4,1,0,0,6,1
C00744,52,146.08,8,175.0,6,24,0,1,4,0
C00745,65,49.6,7,414.5,2,24,0,1,3,1
C00746,32,185.98,5,297.4,5,24,1,1,4,1
C00747,14,114.11,6,39.0,7,36,0,0,6,1
C00748,47,309.88,8,227.3,0,36,0,0,2,1
C00749,55,146.81,7,215.3,3,24,1,0,5,0
C00750,52,196.05,8,380.2,6,6,0,1,7,1
C00751,35,114.9,3,317.0,4,24,0,1,10,0
C00752,72,314.46,4,129.0,6,36,0,1,8,0
C00753,57,216.02,3,99.5,1,12,0,0,7,1
C00754,61,218.77,1,304.8,1,6,0,1,8,0
C00755,64,57.33,8,289.5,0,36,1,0,4,0
C00756,14,86.84,0,181.0,3,24,1,0,2,0
C00757,41,245.8,2,148.7,6,24,0,0,8,0
C00758,4,206.62,5,38.0,7,36,1,1,3,1
C00759,60,299.73,4,81.4,7,6,0,0,4,1
C00760,21,209.26,0,298.8,5,36,1,1,9,0
C00761,8,247.02,0,407.3,5,1,0,1,3,0
C00762,11,147.37,6,322.3,1,1,1,0,6,1
C00763,6,224.41,4,120.6,5,12,1,0,5,1
C00764,60,213.14,4,227.1,5,24,1,0,6,0
C00765,64,165.11,8,44.9,6,24,0,1,6,1
C00766,62,151.81,1,142.8,6,24,1,0,1,1
C00767,45,166.74,2,37.0,7,12,1,0,9,0
C00768,6,232.65,8,413.9,0,6,1,0,10,0
C00769,36,132.78,2,163.7,0,12,1,1,10,0
C00770,46,132.57,4,207.8,2,36,1,1,6,0
C00771,11,82.71,2,22.3,6,1,1,1,2,0
C00772,53,275.57,2,362.0,7,1,0,1,2,1
C00773,41,163.26,4,138.3,2,6,0,1,5,1
C00774,61,270.52,5,213.0,0,36,0,0,9,0
C00775,6,239.14,3,301.7,5,6,1,1,9,0
C00776,49,208.56,8,109.8,7,6,0,1,8,1
C00777,31,114.89,2,198.2,1,24,0,0,7,0
C00778,61,248.72,6,317.2,6,24,0,1,3,0
C00779,56,135.85,6,326.5,4,6,0,0,3,1
C00780,5,149.22,5,396.0,1,12,1,1,9,0
C00781,35,77.97,6,196.9,2,24,1,0,1,1
C00782,4,275.61,6,343.9,4,24,1,1,1,1
C00783,32,241.64,0,56.9,4,6,0,0,5,0
C00784,47,69.76,4,26.0,0,1,1,0,3,0
C00785,44,90.08,7,377.3,7,1,0,0,6,1
C00786,20,305.31,5,122.9,1,6,1,0,6,1
C00787,55,215.44,5,331.3,3,6,0,0,9,0
C00788,20,48.71,2,215.6,0,6,1,0,7,0
C00789,46,64.18,5,296.2,0,36,0,1,5,0
C00790,36,93.82,7,394.2,6,36,0,1,8,0
C00791,11,66.51,2,41.0,4,1,1,1,4,0
C00792,37,205.82,7,363.1,1,24,0,1,8,1
C00793,15,120.51,8,259.2,0,36,1,1,4,0
C00794,62,142.52,6,183.7,3,6,0,0,1,0
C00795,52,120.27,5,215.2,2,36,1,0,7,0
C00796,70,308.34,3,208.9,3,6,1,0,6,0
C00797,14,203.38,6,51.1,0,12,1,0,1,0
C00798,62,298.77,1,102.7,3,1,1,1,2,0
C00799,34,241.06,4,148.6,0,1,1,0,8,0
C00800,53,68.16,0,89.6,2,36,1,0,9,0
C00801,29,314.89,5,62.6,1,1,0,1,9,0
C00802,48,124.41,7,346.6,5,1,1,1,1,1
C00803,4,217.19,6,54.4,7,12,1,1,8,1
C00804,22,239.86,2,216.2,5,24,1,1,4,0
C00805,52,101.83,7,96.8,2,1,1,0,7,1
C00806,2,255.49,0,320.1,7,24,1,0,1,1
C00807,50,68.53,1,240.1,1,24,0,1,8,0
C00808,67,95.52,8,58.7,6,1,1,0,9,0
C00809,33,148.4,2,383.5,0,1,1,0,10,0
C00810,9,260.82,2,51.3,7,24,1,0,10,0
C00811,44,133.22,7,67.1,2,6,1,1,3,0
C00812,20,190.24,8,327.9,7,12,0,1,7,1
C00813,40,171.38,8,50.3,3,12,1,0,6,1
C00814,52,312.38,3,143.3,6,6,0,0,4,0
C00815,13,198.06,6,280.7,5,1,0,1,7,1
C00816,60,238.6,8,67.7,0,6,0,1,9,0
C00817,50,260.49,2,316.6,0,36,0,1,5,0
C00818,49,118.36,4,168.2,5,24,0,0,10,0
C00819,25,110.5,1,414.1,7,1,0,0,7,0
C00820,42,82.38,0,340.6,3,24,0,1,7,0
C00821,16,83.72,3,305.6,3,24,0,0,3,1
C00822,22,136.88,6,35.9,2,24,0,1,9,0
C00823,13,315.1,5,57.3,1,24,1,0,4,1
C00824,17,125.44,7,149.5,0,24,1,0,1,1
C00825,60,145.98,5,392.7,4,6,1,0,5,1
C00826,23,276.41,8,34.7,4,6,0,1,5,1
C00827,22,64.66,2,198.6,2,1,0,1,9,0
C00828,5,199.38,5,316.6,7,24,1,0,10,1
C00829,31,311.57,6,142.0,0,36,1,1,3,0
C00830,29,54.32,2,203.2,0,24,0,0,6,0
C00831,37,66.23,8,397.7,5,12,1,0,4,0
C00832,6,45.55,5,73.7,3,36,1,0,9,0
C00833,10,241.38,5,293.6,5,12,1,1,1,1
C00834,65,57.28,6,8.5,4,12,0,0,2,0
C00835,3,230.14,5,250.4,7,1,1,1,1,1
C00836,69,299.32,1,96.5,4,36,1,1,4,0
C00837,16,255.66,7,74.3,7,36,1,0,9,0
C00838,62,51.37,1,185.7,4,36,0,0,8,0
C00839,51,210.23,3,393.4,7,24,0,0,4,1
C00840,42,278.99,1,81.4,3,12,0,0,8,0
C00841,59,159.4,5,166.3,0,1,1,0,2,0
C00842,35,90.12,3,5.6,7,1,0,0,1,1
C00843,5,176.46,8,203.1,3,24,1,1,4,1
C00844,28,287.05,1,77.6,7,6,0,1,7,0
C00845,12,152.48,0,320.7,7,1,1,1,2,1
C00846,38,85.6,7,394.0,1,24,0,0,4,1
C00847,67,184.33,8,330.8,5,36,0,1,5,0
C00848,12,80.9,0,60.7,4,1,0,0,8,0
C00849,32,312.22,5,58.4,1,36,0,0,7,0
C00850,49,60.31,5,209.6,5,1,1,0,8,0
C00851,63,99.86,8,373.5,0,12,1,1,3,0
C00852,65,122.29,2,13.2,2,12,1,1,5,0
C00853,29,139.16,1,371.8,6,12,1,1,9,0
C00854,22,117.98,1,351.8,7,6,1,0,6,0
C00855,3,165.12,8,15.6,1,36,0,0,6,0
C00856,52,218.69,6,332.0,6,24,1,1,8,0
C00857,22,104.26,3,131.0,1,12,1,1,2,0
C00858,60,120.29,2,168.1,4,1,1,0,1,1
C00859,8,179.17,7,62.4,7,24,1,1,1,1
C00860,51,152.49,0,45.2,6,1,1,1,4,0
C00861,61,129.29,2,89.2,3,1,1,0,1,0
C00862,33,110.06,2,190.8,6,12,1,0,1,1
C00863,54,71.67,4,400.6,6,36,1,1,5,0
C00864,33,210.64,3,253.1,2,1,0,1,8,0
C00865,55,314.51,5,373.8,6,1,1,1,4,1
C00866,43,304.4,3,76.0,4,12,1,1,9,0
C00867,32,76.96,6,166.7,7,12,0,0,8,0
C00868,53,292.62,6,110.3,3,12,1,1,10,0
C00869,36,287.33,6,7.2,0,6,1,0,6,1
C00870,19,252.85,7,233.0,5,24,1,1,3,1
C00871,11,167.86,5,191.4,2,12,0,0,4,0
C00872,44,88.22,8,44.8,0,6,0,1,2,0
C00873,64,297.68,1,200.8,2,6,1,1,5,0
C00874,30,283.93,8,369.9,6,36,0,1,6,1
C00875,53,280.05,1,384.9,6,12,0,0,10,1
C00876,58,184.62,8,288.5,0,24,1,0,4,1
C00877,48,158.52,2,239.2,3,6,1,1,2,0
C00878,57,266.37,8,43.8,0,24,0,1,2,0
C00879,5,48.55,4,351.3,4,6,1,0,2,1
C00880,39,139.0,4,231.6,2,1,1,0,10,0
C00881,41,129.17,5,384.8,0,24,0,1,5,0
C00882,55,314.13,3,406.4,0,6,0,0,8,0
C00883,14,278.51,1,78.0,6,24,1,1,4,0
C00884,21,237.17,6,370.3,7,1,1,1,7,1
C00885,49,250.06,5,57.2,3,36,0,1,1,0
C00886,66,264.32,3,340.9,4,24,1,1,1,0
C00887,7,306.25,8,404.1,0,12,1,1,10,0
C00888,13,219.02,6,187.0,6,6,1,1,7,1
C00889,69,76.32,7,128.0,4,6,1,0,9,0
C00890,66,229.4,0,64.0,0,36,0,1,7,0
C00891,11,242.35,1,196.8,4,12,0,1,6,1
C00892,55,74.72,8,45.5,1,6,0,1,5,0
C00893,33,97.65,5,185.1,3,36,1,1,3,0
C00894,43,200.98,8,232.3,2,6,0,0,6,0
C00895,59,59.91,6,8.4,4,12,1,0,5,0
C00896,19,64.04,7,346.3,0,6,1,1,10,0
C00897,71,283.07,4,22.2,1,24,0,0,6,0
C00898,30,111.85,3,91.0,5,12,1,1,6,0
C00899,27,238.46,1,16.4,1,1,1,1,5,0
C00900,70,258.74,4,55.9,6,12,0,1,10,0
C00901,41,201.53,5,144.4,2,24,1,1,2,0
C00902,23,60.17,3,66.5,2,6,0,0,8,0
C00903,28,319.35,0,290.9,0,12,1,1,2,0
C00904,12,83.96,5,296.1,3,6,0,1,8,0
C00905,11,96.09,7,209.3,3,1,0,0,4,1
C00906,17,50.67,8,95.6,2,12,1,1,7,0
C00907,11,88.35,0,323.1,0,24,0,0,1,0
C00908,24,217.82,3,418.7,1,1,0,1,8,1
C00909,52,119.8,2,187.6,2,24,0,0,3,0
C00910,6,91.13,0,293.9,3,12,1,1,8,0
C00911,4,90.35,0,206.9,5,6,0,1,3,0
C00912,5,132.69,0,379.5,2,1,1,1,2,0
C00913,5,228.96,0,363.8,6,36,0,0,6,1
C00914,34,151.63,8,379.9,4,6,1,0,3,1
C00915,56,205.14,3,25.8,5,12,0,0,10,0
C00916,20,307.48,8,274.5,1,6,1,0,9,1
C00917,35,315.67,6,74.8,6,6,0,1,2,1
C00918,42,98.08,5,306.1,1,24,1,1,8,0
C00919,23,174.21,0,199.8,2,6,1,0,1,1
C00920,37,153.97,4,267.0,4,12,1,1,1,1
C00921,39,49.68,7,204.0,5,12,1,0,4,1
C00922,55,56.01,7,229.3,7,24,1,0,8,0
C00923,1,243.86,7,49.5,6,36,1,1,5,1
C00924,50,158.28,8,70.4,5,24,0,1,2,1
C00925,32,167.01,5,69.6,2,12,1,1,1,0
C00926,45,197.84,4,369.1,1,6,0,1,3,1
C00927,21,96.27,3,89.6,7,24,0,0,8,0
C00928,70,189.17,6,350.3,7,12,0,0,8,0
C00929,3,284.53,2,302.4,7,12,1,1,1,1
C00930,25,159.52,8,100.7,6,24,1,0,1,1
C00931,50,148.6,3,50.6,3,24,1,0,1,0
C00932,17,122.19,0,231.0,5,1,1,1,1,1
C00933,45,93.11,1,216.1,0,6,1,1,2,0
C00934,10,212.51,6,333.3,3,36,0,1,6,0
C00935,10,103.33,4,347.5,3,6,0,1,7,0
C00936,32,221.81,5,208.4,2,36,0,0,8,0
C00937,72,266.99,2,400.7,2,24,0,0,9,0
C00938,63,208.76,5,397.3,5,1,1,1,3,1
C00939,8,120.94,2,272.6,0,6,0,1,2,0
C00940,10,176.48,3,135.6,6,6,1,0,9,0
C00941,34,54.8,0,333.7,2,24,0,1,7,0
C00942,38,262.59,5,221.1,5,36,1,0,3,1
C00943,4,257.14,3,264.7,0,12,1,1,1,1
C00944,20,258.56,3,39.1,7,24,1,0,4,1
C00945,51,179.68,1,140.7,6,1,0,1,2,1
C00946,55,317.12,6,109.9,0,36,0,1,1,1
C00947,48,146.28,3,160.1,3,1,1,1,2,0
C00948,4,146.62,7,86.7,7,12,1,1,1,1
C00949,59,165.47,5,388.9,3,6,0,1,4,1
C00950,3,283.5,2,226.7,2,24,1,1,3,0
C00951,58,179.46,4,313.3,7,6,0,1,10,1
C00952,36,192.27,6,214.2,2,1,0,1,4,1
C00953,45,202.01,1,163.4,4,1,0,0,4,1
C00954,57,78.25,1,107.1,4,36,1,1,4,0
C00955,62,151.75,0,370.9,2,6,0,0,3,0
C00956,4,225.88,7,368.2,5,6,0,1,8,0
C00957,51,309.64,2,10.6,2,24,1,0,6,0
C00958,24,238.98,8,409.9,7,1,1,1,10,1
C00959,12,280.5,5,272.2,3,1,1,0,3,1
C00960,10,214.77,7,274.9,5,12,0,0,1,1
C00961,15,319.54,7,151.5,6,24,1,1,3,1
C00962,53,149.92,2,242.8,6,6,0,0,10,0
C00963,21,280.9,0,293.7,5,24,1,0,3,0
C00964,32,130.12,1,340.0,7,12,1,0,9,0
C00965,61,90.69,5,30.2,0,6,0,1,5,0
C00966,31,303.81,8,409.8,0,24,1,0,8,0
C00967,68,63.12,8,116.8,1,36,1,1,8,0
C00968,56,265.5,1,107.8,1,36,0,1,6,0
C00969,65,60.94,1,330.7,5,6,1,1,1,0
C00970,30,313.8,2,62.9,4,1,1,1,3,1
C00971,10,144.87,7,10.9,5,24,1,0,7,0
C00972,40,219.91,7,208.3,1,12,0,0,9,0
C00973,23,190.26,4,43.4,2,1,0,1,4,0
C00974,61,66.13,8,9.9,6,36,0,1,10,0
C00975,21,161.53,7,27.9,4,36,0,1,1,0
C00976,57,112.34,2,71.9,3,1,1,1,10,0
C00977,59,210.97,7,347.0,4,1,0,0,1,1
C00978,28,103.18,4,33.4,2,6,0,0,9,0
C00979,71,117.55,6,293.6,2,12,1,0,10,0
C00980,51,102.72,0,90.9,6,12,0,1,9,0
C00981,64,221.05,8,397.1,3,1,1,0,8,1
C00982,48,201.32,5,22.6,2,6,1,1,10,0
C00983,26,121.7,7,359.7,0,1,1,0,6,1
C00984,37,220.53,1,252.4,2,12,1,0,8,0
C00985,29,211.04,3,223.9,6,24,1,1,8,0
C00986,13,116.69,3,204.3,5,12,1,0,10,0
C00987,18,223.12,0,403.9,0,24,1,0,9,0
C00988,54,259.6,4,355.6,7,1,0,0,7,1
C00989,42,197.46,2,71.2,3,36,1,0,6,0
C00990,21,196.56,6,23.3,3,36,0,1,3,1
C00991,3,281.98,7,45.8,4,36,1,1,2,1
C00992,44,312.74,7,331.9,6,36,0,1,8,1
C00993,27,188.61,1,233.4,6,24,1,1,5,0
C00994,53,155.44,2,340.1,2,1,0,0,7,0
C00995,51,228.53,2,21.8,1,12,1,1,10,0
C00996,30,51.77,3,201.8,1,24,0,0,5,1
C00997,18,71.17,7,318.3,3,36,1,0,4,1
C00998,8,253.74,8,326.3,5,12,0,1,1,1
C00999,43,50.55,3,331.2,2,36,0,1,9,0
C01000,20,87.93,5,238.3,1,6,1,1,8,0
C01001,2,268.04,4,415.1,4,6,1,1,9,1
C01002,44,54.51,1,35.6,7,12,0,1,3,0
C01003,23,80.25,3,179.4,1,12,1,1,7,0
C01004,46,76.41,1,6.5,5,1,1,1,9,0
C01005,43,110.35,5,137.5,1,24,1,1,3,0
C01006,57,235.97,1,190.2,7,12,0,1,8,0
C01007,28,115.23,5,166.8,3,1,0,1,4,0
C01008,23,214.59,8,131.1,1,6,0,1,10,1
C01009,42,180.07,2,244.4,0,1,1,0,8,0
C01010,22,242.56,0,202.1,6,36,1,1,2,1
C01011,58,212.95,2,60.7,4,1,0,1,9,0
C01012,39,61.54,4,255.0,5,12,1,0,4,0
C01013,38,147.28,0,142.5,4,24,1,0,9,0
C01014,8,149.9,4,152.5,3,24,1,0,1,0
C01015,16,270.03,7,196.4,7,36,1,0,1,1
C01016,41,85.73,0,311.3,4,6,0,0,1,1
C01017,27,277.16,3,328.7,7,24,0,1,1,1
C01018,45,199.05,7,13.8,5,24,1,1,10,0
C01019,32,264.79,8,110.9,4,24,0,0,1,1
C01020,63,145.27,6,386.5,6,24,1,1,3,0
C01021,56,265.62,1,293.6,3,6,0,1,7,0
C01022,64,285.56,1,18.8,7,6,1,1,6,0
C01023,7,232.55,1,413.4,6,24,1,1,2,0
C01024,26,235.93,0,116.7,4,36,0,1,5,0
C01025,15,243.77,0,76.4,2,6,1,0,7,1
C01026,10,74.08,0,74.5,2,1,0,1,7,0
C01027,20,264.95,4,117.5,7,24,0,0,3,1
C01028,30,285.87,1,99.9,1,1,0,0,2,1
C01029,19,295.02,5,317.0,2,24,0,0,2,1
C01030,56,188.5,7,224.2,4,24,1,1,8,0
C01031,53,57.62,5,408.3,3,12,1,0,2,1
C01032,16,120.77,4,353.8,4,1,0,0,1,1
C01033,30,317.5,5,261.9,5,12,1,0,8,0
C01034,69,99.24,7,63.8,0,12,0,0,8,0
C01035,36,61.45,0,348.6,6,6,0,1,5,0
C01036,29,107.63,7,183.2,7,24,1,1,5,1
C01037,36,149.57,3,6.6,6,36,1,0,2,0
C01038,63,83.2,1,82.4,4,36,0,0,2,0
C01039,13,187.43,8,250.6,7,12,1,0,10,1
C01040,62,143.09,8,81.0,0,12,1,1,3,0
C01041,15,158.09,2,187.5,5,24,0,1,1,1
C01042,15,60.42,5,294.0,6,36,0,1,5,1
C01043,61,116.76,1,134.4,1,6,1,1,4,0
C01044,25,299.1,8,209.9,7,36,1,0,1,0
C01045,10,107.34,6,117.3,3,36,0,1,9,0
C01046,66,190.28,4,139.9,3,12,1,0,6,0
C01047,65,312.71,1,236.8,7,12,0,1,6,1
C01048,19,291.75,7,162.9,4,36,0,1,7,0
C01049,27,109.93,3,293.6,2,1,0,1,2,1
C01050,45,199.1,3,222.1,4,24,1,0,7,0
C01051,30,65.45,3,241.1,0,1,1,0,4,0
C01052,4,119.69,0,30.2,6,6,1,0,5,0
C01053,64,74.16,6,210.2,5,36,0,0,5,1
C01054,40,317.37,5,297.0,2,6,1,0,9,0
C01055,65,140.38,5,292.2,6,12,1,0,7,0
C01056,72,48.38,0,65.6,4,36,1,1,7,0
C01057,15,137.18,4,269.5,5,1,1,0,1,0
C01058,56,234.36,3,326.7,2,12,1,1,10,0
C01059,47,270.07,0,71.1,0,12,1,1,6,0
C01060,17,257.38,8,243.6,7,1,1,1,1,1
C01061,69,173.29,4,146.6,3,6,0,1,4,0
C01062,64,62.58,6,406.3,1,36,0,1,1,0
C01063,46,227.14,1,179.2,1,1,0,0,6,1
C01064,34,314.39,1,16.1,3,24,0,1,2,1
C01065,42,88.75,4,274.0,1,12,0,0,3,1
C01066,28,162.94,1,401.5,0,24,1,0,3,0
C01067,42,229.05,1,73.2,0,6,0,0,5,0
C01068,54,86.7,8,221.5,1,12,1,0,1,1
C01069,35,97.12,4,120.0,0,36,0,1,4,0
C01070,15,278.46,1,139.6,1,1,0,0,7,0
C01071,17,318.6,0,30.9,2,6,1,1,2,1
C01072,29,135.47,0,223.7,6,6,1,0,1,0
C01073,2,189.44,1,54.8,1,36,0,1,6,0
C01074,60,319.59,1,211.1,3,36,1,0,6,0
C01075,66,91.26,1,115.0,2,1,0,1,6,0
C01076,24,230.6,4,239.6,6,36,1,1,3,0
C01077,54,171.83,8,71.2,3,36,1,0,6,0
C01078,3,267.66,7,162.2,0,6,0,1,8,1
C01079,41,189.54,6,32.5,6,12,0,1,5,0
C01080,36,61.78,0,295.0,4,36,1,1,10,0
C01081,68,313.96,2,106.4,0,36,1,1,3,0
C01082,2,248.08,6,108.7,2,1,0,0,10,0
C01083,60,299.01,1,291.4,0,6,0,0,5,0
C01084,60,108.03,5,24.9,3,12,1,0,4,0
C01085,49,253.15,8,198.5,0,24,1,0,7,0
C01086,52,46.17,2,319.7,1,24,0,1,5,0
C01087,30,200.92,6,401.1,3,1,1,1,4,1
C01088,52,277.92,5,370.7,1,1,1,0,4,1
C01089,72,317.83,7,295.7,1,24,1,0,7,0
C01090,64,50.07,8,126.7,1,12,0,0,1,0
C01091,53,265.16,7,123.4,6,24,0,0,5,1
C01092,33,314.36,2,178.9,2,6,0,1,1,0
C01093,25,305.08,6,79.4,1,12,1,1,5,0
C01094,55,131.88,8,50.0,1,6,1,1,9,0
C01095,43,243.4,3,136.3,0,36,0,0,6,0
C01096,23,245.7,1,122.0,6,12,1,1,9,0
C01097,28,100.12,5,233.0,5,36,1,0,8,0
C01098,53,189.44,7,154.5,0,24,0,1,7,0
C01099,29,172.83,7,204.3,2,36,0,0,2,1
C01100,70,236.05,3,345.6,2,1,1,1,3,1
C01101,36,164.07,5,149.8,5,12,0,1,4,1
C01102,34,227.12,1,240.1,7,24,1,0,1,1
C01103,4,235.45,7,99.9,6,24,0,1,5,1
C01104,59,169.6,7,7.0,1,24,0,1,3,0
C01105,54,130.1,3,18.4,5,36,1,1,7,0
C01106,69,62.7,3,111.7,6,24,1,0,10,0
C01107,43,104.63,3,207.2,2,24,0,1,3,0
C01108,18,117.4,0,286.1,7,36,1,1,10,0
C01109,9,161.43,6,84.8,3,12,1,0,6,0
C01110,40,260.69,0,139.4,5,1,0,0,1,1
C01111,46,123.22,7,319.7,4,12,0,1,6,1
C01112,41,160.62,5,346.3,6,1,1,0,4,1
C01113,47,99.74,0,32.6,1,24,1,0,7,0
C01114,22,268.98,1,338.0,2,1,1,0,10,0
C01115,22,230.41,4,122.4,4,1,0,0,10,0
C01116,52,108.3,0,251.2,4,6,0,1,6,0
C01117,46,315.51,1,315.2,1,12,1,1,10,0
C01118,65,117.2,0,361.8,7,36,1,0,2,1
C01119,37,59.24,7,356.6,0,24,0,0,8,0
C01120,38,240.81,5,322.5,5,36,0,0,1,1
C01121,70,259.11,1,384.8,6,1,1,1,6,0
C01122,20,109.86,4,81.9,0,6,1,1,2,0
C01123,35,84.76,1,111.1,1,36,1,1,8,0
C01124,46,57.28,7,182.2,6,36,1,0,3,0
C01125,26,271.6,0,299.0,7,6,1,1,4,0
C01126,60,303.39,2,359.1,4,12,1,1,4,1
C01127,25,161.19,1,30.0,5,12,1,1,3,1
C01128,46,174.09,6,96.2,3,6,0,0,7,0
C01129,16,97.52,6,166.0,5,12,1,0,4,0
C01130,25,223.84,5,288.6,7,1,1,1,6,0
C01131,31,296.23,5,324.8,6,12,0,0,1,1
C01132,15,95.82,6,275.6,5,1,1,0,1,0
C01133,51,186.54,5,320.9,2,24,0,0,4,0
C01134,36,91.11,5,408.6,1,24,0,0,6,0
C01135,68,142.1,5,384.4,6,24,0,1,8,0
C01136,7,67.9,2,142.6,3,24,0,1,2,0
C01137,38,217.0,6,268.9,3,1,1,0,7,0
C01138,42,162.35,3,257.0,0,6,0,0,2,0
C01139,1,91.13,0,369.8,5,24,0,1,9,0
C01140,43,129.8,0,287.4,3,6,1,0,7,0
C01141,5,203.52,8,249.5,6,12,1,0,9,0
C01142,25,122.73,7,212.4,1,12,0,0,4,1
C01143,58,63.07,6,83.3,0,24,1,0,10,0
C01144,2,170.57,7,306.1,1,12,0,0,3,1
C01145,49,182.67,2,18.2,3,24,0,0,3,0
C01146,6,241.6,8,323.2,2,24,1,1,4,0
C01147,39,307.38,6,107.0,1,24,1,0,1,1
C01148,67,89.6,2,180.2,7,12,0,1,5,0
C01149,18,297.19,6,220.9,1,12,1,0,4,1
C01150,51,245.89,0,77.9,2,1,1,1,1,0
C01151,20,90.19,7,345.2,0,24,0,0,5,0
C01152,72,146.78,2,160.4,4,6,0,0,3,0
C01153,7,244.68,0,78.8,2,24,1,1,6,0
C01154,18,203.19,4,326.5,5,24,0,0,5,1
C01155,57,120.74,2,340.7,2,24,1,0,9,0
C01156,43,81.1,3,306.7,7,6,1,1,9,0
C01157,32,146.3,6,363.7,1,12,1,1,4,0
C01158,7,317.72,1,24.3,7,12,0,0,2,1
C01159,2,139.25,8,250.7,2,24,1,1,1,1
C01160,20,108.1,2,414.9,2,12,1,0,7,0
C01161,42,265.71,1,236.0,6,36,1,1,2,1
C01162,14,254.07,4,316.2,2,6,1,1,5,0
C01163,46,241.74,4,256.9,3,6,1,1,6,0
C01164,34,230.43,3,67.8,2,1,0,1,1,1
C01165,55,238.93,8,149.0,4,12,0,1,3,1
C01166,65,68.65,0,341.2,1,36,0,1,3,0
C01167,3,276.03,5,128.6,1,12,0,1,10,0
C01168,40,237.19,3,360.6,3,1,0,1,2,1
C01169,32,101.24,8,360.2,6,24,1,1,10,1
C01170,29,192.42,7,225.9,7,24,0,0,7,1
C01171,23,69.29,6,174.7,6,24,1,1,6,0
C01172,15,302.93,3,15.2,1,12,1,0,9,0
C01173,3,88.78,5,21.9,6,24,1,0,9,0
C01174,49,139.36,1,341.8,0,24,1,0,9,0
C01175,27,202.54,4,213.0,2,12,1,1,5,1
C01176,14,249.73,7,292.0,5,1,1,1,7,1
C01177,61,215.77,3,374.4,1,6,1,1,6,0
C01178,65,259.57,8,310.4,2,36,0,0,6,1
C01179,66,106.16,2,14.6,3,24,1,0,1,0
C01180,12,252.06,8,46.9,3,36,1,0,3,0
C01181,31,289.12,0,139.2,0,24,0,1,5,0
C01182,6,47.29,4,220.8,3,24,0,0,9,0
C01183,7,120.17,6,84.0,4,12,0,0,8,0
C01184,21,276.53,1,20.2,7,1,0,1,2,1
C01185,26,244.3,1,14.8,5,1,1,0,1,1
C01186,70,253.22,8,90.0,5,1,0,0,7,1
C01187,10,92.82,7,376.1,6,24,0,1,8,0
C01188,64,303.53,8,351.7,3,36,1,1,9,0
C01189,48,143.67,4,270.5,0,1,0,1,5,0
C01190,59,289.14,4,64.9,7,12,0,1,8,0
C01191,53,56.41,8,204.7,4,36,0,1,9,1
C01192,58,272.96,0,299.7,5,24,0,0,7,0
C01193,30,217.75,2,363.8,7,24,0,0,10,0
C01194,15,239.47,1,21.2,5,24,0,0,1,1
C01195,52,247.48,1,350.9,0,12,0,0,5,0
C01196,18,212.59,0,93.9,6,1,1,1,5,1
C01197,28,60.25,0,215.2,2,12,1,0,3,0
C01198,53,228.88,2,11.3,4,24,1,0,7,0
C01199,51,252.55,4,57.7,5,6,0,1,4,1
C01200,50,304.64,7,34.3,3,1,1,0,7,1
C01201,9,128.35,3,291.3,1,6,0,1,2,0
C01202,52,130.84,7,121.3,7,12,1,1,7,0
C01203,22,252.46,7,73.0,7,6,0,0,9,1
C01204,14,105.14,1,168.2,0,36,1,1,3,0
C01205,9,288.67,2,24.2,2,1,0,0,6,1
C01206,43,201.81,0,349.4,4,1,0,0,6,0
C01207,9,238.83,6,373.9,2,36,0,0,9,0
C01208,32,111.95,3,156.8,6,12,0,0,3,0
C01209,3,247.76,4,419.0,6,12,1,1,7,1
C01210,62,296.46,7,213.7,5,24,0,1,5,1
C01211,6,150.59,7,80.8,0,24,0,0,8,0
C01212,13,173.71,7,381.1,6,12,0,0,1,1
C01213,52,159.58,1,58.6,7,1,0,0,9,0
C01214,11,53.02,5,76.9,4,1,0,1,1,1
C01215,24,189.43,1,158.0,5,24,1,1,9,0
C01216,50,201.43,2,229.6,6,24,0,0,8,0
C01217,22,98.26,7,102.0,1,36,1,1,9,0
C01218,39,245.5,1,322.8,7,36,1,0,1,1
C01219,61,74.0,3,160.2,4,1,1,1,10,0
C01220,44,145.5,5,165.8,2,12,1,0,4,0
C01221,12,191.23,7,381.7,4,12,1,1,8,0
C01222,15,154.33,8,286.0,0,1,0,0,8,1
C01223,2,195.78,7,405.2,5,36,1,1,3,1
C01224,18,199.54,8,237.8,1,36,1,1,9,0
C01225,39,128.33,3,138.3,5,1,1,0,10,0
C01226,66,272.81,1,112.2,5,36,1,1,4,0
C01227,3,186.44,4,320.8,4,1,1,0,5,1
C01228,60,105.18,8,234.2,2,24,1,0,10,0
C01229,41,287.28,2,283.3,3,6,1,1,9,0
C01230,3,180.7,1,122.9,3,36,1,0,9,0
C01231,45,104.67,1,20.7,2,6,1,0,4,1
C01232,5,98.46,3,356.7,1,6,0,0,7,1
C01233,21,175.32,1,79.2,4,12,0,0,8,0
C01234,16,120.1,1,215.6,3,1,1,0,5,0
C01235,46,93.67,0,262.8,6,24,1,0,4,0
C01236,34,190.11,2,392.1,1,6,1,0,8,0
C01237,15,182.9,4,262.5,2,36,0,0,3,1
C01238,16,309.49,7,168.7,5,1,0,0,2,1
C01239,65,187.05,2,237.0,2,12,1,1,4,1
C01240,67,60.59,4,64.7,4,24,0,1,2,0
C01241,64,143.33,7,352.4,2,1,1,1,10,1
C01242,60,235.64,0,39.8,7,1,1,0,9,0
C01243,22,313.47,8,386.7,7,12,1,0,10,0
C01244,57,178.26,4,78.3,1,36,1,0,7,0
C01245,56,310.08,2,302.4,5,1,1,0,6,1
C01246,51,207.01,4,331.1,4,6,1,0,3,1
C01247,58,192.71,8,247.6,6,12,1,1,7,0
C01248,20,299.29,1,79.8,0,6,0,0,6,0
C01249,26,127.6,0,259.3,7,36,1,1,7,0
C01250,30,107.99,3,173.6,6,36,1,1,10,0
C01251,40,306.6,5,318.5,2,24,1,1,1,1
C01252,49,132.82,0,303.3,2,36,0,1,5,0
C01253,26,306.23,1,158.5,5,36,1,0,10,0
C01254,22,111.77,7,154.5,2,6,1,1,8,0
C01255,62,116.43,7,20.8,0,1,0,1,9,0
C01256,16,118.61,8,281.7,5,6,1,1,1,1
C01257,43,286.5,5,351.1,6,6,0,0,4,1
C01258,3,278.76,0,304.4,3,6,1,0,9,0
C01259,45,225.45,6,251.4,2,12,1,0,1,1
C01260,61,288.06,4,308.0,5,6,1,0,1,1
C01261,1,203.45,6,205.6,1,6,0,1,6,0
C01262,29,124.07,0,15.4,5,6,1,1,7,0
C01263,19,149.85,2,322.9,5,12,1,0,9,0
C01264,1,272.94,5,365.7,6,6,1,0,3,1
C01265,36,86.6,8,396.3,1,12,0,1,9,0
C01266,47,106.94,6,417.1,3,12,0,1,7,0
C01267,7,144.03,7,278.0,3,6,1,1,4,0
C01268,38,184.97,1,254.6,3,12,0,0,2,1
C01269,57,284.73,5,327.3,7,6,0,0,10,1
C01270,2,114.65,2,303.5,3,6,0,0,6,0
C01271,41,166.51,8,39.2,1,6,0,0,3,1
C01272,3,191.08,7,157.0,7,36,0,1,3,1
C01273,44,149.04,3,199.5,7,6,1,1,3,1
C01274,38,149.38,5,275.3,1,36,1,0,7,0
C01275,50,235.9,2,350.3,0,36,0,0,2,0
C01276,43,202.38,4,163.7,5,36,1,1,10,0
C01277,34,278.36,2,11.4,2,12,1,0,10,0
C01278,62,305.69,0,265.3,1,1,1,0,8,0
C01279,12,305.06,5,218.7,4,6,0,0,6,1
C01280,6,205.33,3,56.1,6,1,0,0,10,1
C01281,32,99.21,8,69.9,6,1,1,1,5,1
C01282,68,46.84,5,113.3,2,36,0,0,9,0
C01283,2,314.39,8,345.8,6,12,0,0,3,1
C01284,32,81.43,7,56.9,5,36,1,1,8,0
C01285,56,104.51,1,43.2,0,24,1,1,2,0
C01286,19,190.2,1,374.7,5,12,1,0,6,0
C01287,70,77.75,3,51.6,7,12,0,0,10,0
C01288,14,256.5,5,251.7,2,36,1,0,6,1
C01289,6,231.66,3,307.2,5,1,0,0,3,1
C01290,20,252.76,4,376.4,0,12,0,0,7,1
C01291,34,139.12,1,400.8,5,12,0,1,5,0
C01292,18,178.46,6,131.8,6,36,1,1,1,0
C01293,27,287.97,8,152.0,2,36,1,0,3,1
C01294,42,308.58,0,175.5,0,24,0,1,10,0
C01295,36,307.73,5,16.9,6,36,0,1,10,0
C01296,3,127.69,7,324.3,6,6,0,0,8,1
C01297,35,291.1,0,341.7,6,1,1,1,2,0
C01298,37,243.98,8,63.7,5,6,0,0,6,1
C01299,15,133.78,6,314.5,0,1,1,1,5,0
C01300,1,281.46,4,333.7,3,12,0,1,2,1
C01301,6,272.26,8,200.0,4,24,1,0,9,1
C01302,50,164.88,8,348.5,3,36,1,0,6,1
C01303,72,86.44,7,243.9,7,1,0,1,6,1
C01304,20,58.43,2,227.6,1,24,1,1,9,0
C01305,55,180.68,8,338.1,0,1,1,1,9,0
C01306,72,127.97,6,212.6,3,1,1,0,8,0
C01307,10,84.16,4,217.9,5,36,1,1,8,0
C01308,9,159.12,3,53.4,1,12,1,0,9,0
C01309,14,228.19,7,312.1,4,1,0,0,8,1
C01310,6,271.95,3,230.9,1,6,0,0,3,1
C01311,26,299.95,8,271.8,4,36,0,0,8,0
C01312,42,224.44,8,367.9,2,6,1,0,9,1
C01313,17,235.0,6,176.1,5,36,0,1,4,0
C01314,55,182.14,6,7.8,0,36,0,0,8,0
C01315,33,213.85,3,55.0,5,1,0,0,3,1
C01316,8,212.5,0,302.3,3,12,0,1,6,0
C01317,71,219.25,8,122.9,4,36,0,1,6,1
C01318,3,93.34,3,98.8,1,24,1,1,9,0
C01319,67,134.03,6,324.2,5,12,1,0,4,0
C01320,62,199.44,0,55.8,5,1,1,1,6,0
C01321,65,62.26,5,299.7,5,36,1,1,3,0
C01322,50,280.99,5,41.8,1,36,1,0,3,0
C01323,68,229.84,2,337.5,7,36,0,1,7,0
C01324,60,111.85,1,84.1,7,12,1,1,9,0
C01325,13,84.23,3,196.0,4,24,0,1,3,0
C01326,67,314.22,7,203.9,3,12,0,0,5,1
C01327,16,231.39,8,182.6,1,24,0,0,9,1
C01328,12,291.63,0,210.8,1,1,0,1,10,0
C01329,7,48.55,6,144.7,3,24,0,1,4,0
C01330,42,191.38,5,207.1,2,36,1,0,1,0
C01331,39,316.59,7,390.1,1,12,0,1,9,0
C01332,33,205.28,2,116.5,4,36,0,1,6,0
C01333,30,201.24,0,313.4,3,36,0,0,10,0
C01334,20,201.28,6,123.5,7,24,1,0,10,0
C01335,12,248.49,1,356.9,5,24,0,0,7,1
C01336,66,137.81,3,324.1,7,6,1,0,1,0
C01337,11,67.19,3,312.3,0,24,1,0,2,0
C01338,65,162.83,6,11.2,6,36,1,1,1,0
C01339,58,174.26,8,367.4,5,6,0,0,1,1
C01340,20,149.83,6,330.9,4,6,0,0,8,1
C01341,47,241.82,8,416.1,2,1,1,0,10,0
C01342,15,106.19,5,21.6,7,1,1,1,8,0
C01343,22,220.64,3,152.8,4,6,0,0,1,1
C01344,47,248.97,1,144.7,4,12,0,0,7,0
C01345,40,256.21,4,95.5,7,6,0,0,10,1
C01346,10,114.88,8,327.1,4,12,1,1,7,0
C01347,1,74.18,5,340.8,0,12,1,1,8,0
C01348,64,176.19,8,196.1,5,1,0,0,6,1
C01349,34,300.2,8,132.6,5,36,0,0,8,1
C01350,72,318.13,8,102.0,5,1,1,0,8,1
C01351,17,281.82,4,234.7,6,6,1,1,4,1
C01352,39,219.87,6,180.4,2,36,0,0,6,1
C01353,49,289.58,0,279.4,1,6,0,1,1,1
C01354,63,306.72,6,233.2,7,24,0,0,8,0
C01355,44,190.65,7,381.4,2,36,0,1,4,1
C01356,37,222.9,7,266.8,1,36,1,1,10,0
C01357,55,288.2,8,41.1,1,24,1,1,9,0
C01358,13,311.61,3,313.6,2,1,0,0,6,0
C01359,63,264.01,3,382.1,4,24,0,1,4,1
C01360,2,211.66,4,256.0,2,1,1,0,4,1
C01361,69,138.81,2,261.2,4,6,0,1,7,0
C01362,7,232.41,8,319.3,5,24,1,1,9,0
C01363,15,273.46,8,82.5,3,36,1,1,6,0
C01364,12,174.19,3,300.6,1,6,0,0,3,0
C01365,23,151.33,4,143.4,3,12,1,1,3,0
C01366,58,205.83,7,413.3,0,24,0,0,9,0
C01367,9,68.74,4,237.8,6,1,0,1,6,1
C01368,45,297.06,5,287.3,6,1,1,0,7,0
C01369,1,280.1,2,65.7,5,36,0,1,4,1
C01370,21,308.78,2,415.4,6,36,1,0,6,1
C01371,11,295.79,5,263.2,6,6,1,1,9,1
C01372,40,72.08,5,7.9,6,24,1,0,5,0
C01373,61,50.71,2,328.3,4,6,0,1,3,0
C01374,40,175.85,8,140.1,4,6,1,1,9,0
C01375,24,131.28,5,350.4,0,12,1,1,1,1
C01376,40,51.96,5,220.1,7,1,1,0,5,1
C01377,28,87.62,3,366.4,4,36,0,1,1,0
C01378,53,178.77,4,400.3,7,36,1,1,6,0
C01379,19,145.48,5,390.8,4,36,0,1,2,0
C01380,29,160.71,4,385.1,2,1,0,1,8,1
C01381,62,245.83,0,34.0,5,36,0,1,9,0
C01382,50,188.6,5,302.1,0,1,1,0,6,0
C01383,39,303.34,6,410.2,1,1,1,1,8,0
C01384,22,210.64,7,415.9,0,36,1,1,5,0
C01385,57,269.21,2,58.8,4,24,1,0,10,0
C01386,38,107.83,8,198.3,4,6,1,0,1,1
C01387,40,165.68,1,86.1,3,6,1,0,6,0
C01388,30,280.49,3,293.4,0,6,1,1,8,0
C01389,26,136.19,3,374.3,5,24,1,0,8,0
C01390,23,100.08,0,126.8,7,6,1,1,4,0
C01391,38,119.88,3,301.9,0,12,1,1,8,0
C01392,51,216.96,4,159.8,1,6,0,1,3,0
C01393,69,181.32,5,15.3,6,24,0,1,5,0
C01394,68,157.25,6,8.3,4,1,0,1,5,0
C01395,40,209.34,4,17.4,2,24,0,0,8,0
C01396,57,233.16,2,353.9,1,24,0,1,1,0
C01397,61,157.2,3,373.1,5,12,0,0,6,0
C01398,60,170.77,6,147.9,0,24,0,1,10,0
C01399,15,215.95,8,43.7,7,12,1,0,10,1
C01400,18,73.82,0,358.1,3,36,0,1,1,0
C01401,12,151.82,2,42.8,5,36,1,0,6,0
C01402,63,201.52,2,242.1,3,12,1,0,7,0
C01403,3,136.18,7,308.7,3,1,0,0,8,1
C01404,43,251.53,2,311.0,5,1,0,1,10,0
C01405,10,92.35,3,136.1,0,12,0,1,8,0
C01406,43,251.04,6,52.1,3,24,0,1,10,0
C01407,59,298.14,4,274.2,4,12,1,1,7,1
C01408,50,192.08,2,33.5,5,12,1,0,6,0
C01409,61,166.18,5,74.1,5,24,1,0,10,1
C01410,68,163.55,7,89.5,4,24,1,0,3,0
C01411,11,237.31,6,367.6,3,1,0,0,6,1
C01412,60,124.11,8,119.2,0,12,1,0,1,0
C01413,30,292.52,4,9.2,4,6,1,1,4,0
C01414,52,98.69,3,45.9,4,6,1,1,2,0
C01415,34,47.57,7,162.8,6,6,0,1,2,1
C01416,50,129.34,0,251.1,1,1,0,0,9,0
C01417,60,274.54,3,133.3,2,12,0,0,4,0
C01418,7,235.24,5,144.1,0,12,1,1,4,0
C01419,13,75.49,6,384.8,4,1,0,0,5,1
C01420,22,215.68,0,347.0,0,12,0,1,4,1
C01421,40,133.96,7,67.8,4,12,0,1,3,1
C01422,32,249.47,6,193.8,4,24,1,1,3,1
C01423,41,78.57,5,60.2,4,12,0,0,9,0
C01424,68,180.51,2,156.5,5,24,1,1,2,0
C01425,57,150.57,7,305.3,1,6,0,1,9,0
C01426,4,79.73,4,360.3,3,1,1,0,7,0
C01427,19,130.31,8,235.9,7,24,1,1,6,1
C01428,14,232.46,1,31.0,1,6,1,0,9,0
C01429,24,207.22,8,221.5,3,24,0,0,8,0
C01430,52,224.1,7,135.3,7,36,1,1,10,0
C01431,29,163.25,3,21.4,1,1,1,1,9,0
C01432,3,143.08,2,16.8,5,24,0,1,9,0
C01433,4,116.81,3,213.7,0,24,1,1,9,0
C01434,43,262.99,8,222.0,7,24,1,0,5,1
C01435,35,177.63,0,158.2,4,36,1,0,9,0
C01436,26,252.63,2,197.8,1,24,1,0,8,0
C01437,27,232.92,1,107.1,7,1,0,0,4,1
C01438,72,227.25,7,198.8,7,6,0,0,6,0
C01439,42,150.55,4,312.2,7,6,1,1,3,1
C01440,8,146.25,3,331.2,6,12,1,0,1,0
C01441,56,158.82,0,309.2,7,6,0,0,5,1
C01442,16,179.84,4,319.1,6,36,0,1,3,1
C01443,59,217.28,4,49.9,4,12,1,1,8,0
C01444,12,65.5,3,419.2,7,12,1,1,1,1
C01445,34,126.23,1,339.9,4,36,0,1,5,0
C01446,5,198.15,8,336.3,7,1,1,1,8,1
C01447,38,97.97,4,304.0,2,6,1,0,2,0
C01448,46,215.11,0,209.5,3,1,0,0,6,0
C01449,22,90.62,8,283.5,3,1,0,0,5,1
C01450,37,48.72,0,128.1,1,1,0,0,6,0
C01451,66,256.1,6,377.8,3,36,1,0,8,0
C01452,10,146.67,5,153.9,5,12,1,1,7,0
C01453,64,82.2,8,139.9,3,12,0,1,8,0
C01454,54,301.77,6,60.2,4,6,0,1,4,1
C01455,11,220.08,7,271.3,0,12,0,0,4,0
C01456,48,225.65,1,193.5,3,36,1,0,7,0
C01457,68,270.65,7,294.6,4,24,0,0,1,1
C01458,46,208.63,5,197.2,5,1,1,0,5,0
C01459,33,82.68,3,362.3,0,24,0,0,10,0
C01460,23,83.47,0,219.6,2,6,0,0,6,0
C01461,56,51.27,6,126.2,3,24,1,1,3,0
C01462,20,115.11,1,173.6,6,24,0,1,6,0
C01463,9,287.97,7,110.0,2,36,0,0,2,1
C01464,36,200.88,3,300.7,7,36,1,0,3,1
C01465,57,244.0,1,362.2,7,36,0,1,4,0
C01466,42,228.17,6,334.9,4,36,0,0,9,0
C01467,35,252.8,3,156.4,1,6,1,1,8,0
C01468,47,49.58,7,293.7,4,36,0,1,1,0
C01469,43,164.13,4,47.6,2,12,0,1,8,0
C01470,53,110.8,6,139.1,7,1,1,1,8,0
C01471,54,118.22,3,7.2,0,24,1,1,10,0
C01472,4,159.09,6,351.6,1,1,0,0,1,1
C01473,17,137.71,0,236.2,1,24,1,0,1,1
C01474,38,117.19,2,13.2,1,12,0,1,4,0
C01475,37,213.96,8,76.5,3,12,0,0,6,0
C01476,4,205.96,6,361.0,1,36,1,1,10,0
C01477,68,185.7,7,312.2,3,1,1,1,1,1
C01478,59,196.18,2,311.3,6,24,0,1,8,0
C01479,46,225.98,3,314.8,1,1,0,0,1,1
C01480,9,226.65,6,119.1,7,6,1,0,8,0
C01481,12,139.71,1,413.8,1,1,0,1,5,0
C01482,12,202.47,2,261.6,0,1,0,0,6,0
C01483,39,96.75,4,180.2,6,6,0,1,1,1
C01484,2,240.17,2,249.4,1,12,1,1,9,0
C01485,51,67.0,7,388.9,6,24,1,0,5,1
C01486,41,256.45,2,271.2,6,36,0,0,7,1
C01487,5,211.82,3,105.7,6,24,0,1,3,0
C01488,27,106.44,5,87.8,4,12,0,0,4,1
C01489,22,141.66,3,49.4,7,12,1,1,6,0
C01490,38,74.52,1,43.2,4,24,1,0,9,0
C01491,50,58.69,8,126.7,4,1,1,0,3,0
C01492,55,74.9,6,342.5,5,36,1,0,7,1
C01493,28,181.54,2,253.0,1,6,0,0,2,1
C01494,32,136.81,4,83.5,0,24,0,1,9,0
C01495,49,92.09,0,29.2,7,36,0,1,2,0
C01496,26,194.79,4,250.9,2,12,1,1,6,0
C01497,24,54.06,4,388.6,7,12,0,1,9,0
C01498,17,166.35,0,150.3,4,24,0,0,4,0
C01499,34,307.95,2,338.9,6,6,0,0,4,0
C01500,37,201.85,5,187.0,2,24,1,1,5,0
