property_id,floor_area_sqft,bedrooms,bathrooms,property_age_years,distance_to_city_km,distance_to_mrt_km,parking_spots,furnishing_score,neighborhood_income_rm,monthly_maintenance_rm,sale_price_rm
P0001,3169,6,5,17,10.4,0.78,4,9,5700,917.47,1606561.43
P0002,1502,5,5,1,22.0,3.61,4,9,14200,580.4,950267.15
P0003,2963,6,5,10,27.0,1.77,4,4,12100,771.56,1450853.2
P0004,1958,6,5,2,28.1,2.73,4,2,17600,585.76,1155485.78
P0005,3124,6,5,12,27.2,0.32,4,5,5500,887.85,1487122.11
P0006,2407,6,5,10,15.0,1.13,4,2,19000,700.76,1389015.46
P0007,2737,6,5,10,18.4,1.42,4,9,9100,849.12,1457406.07
P0008,1488,3,3,25,11.3,1.13,3,6,8900,550.38,755098.54
P0009,2170,6,5,9,11.2,1.31,4,9,10200,753.3,1213394.16
P0010,2032,4,3,32,19.5,3.8,2,3,19500,527.76,1088822.61
P0011,3337,6,5,4,15.5,3.02,4,9,9900,985.77,1701865.08
P0012,3502,6,5,34,28.9,3.87,4,2,11000,877.84,1563520.38
P0013,2408,5,5,16,37.0,3.83,4,2,19500,667.28,1188622.44
P0014,1176,3,2,34,36.3,4.62,1,10,11700,455.54,447049.47
P0015,1008,2,2,15,3.6,4.4,0,2,15900,327.04,705083.37
P0016,1065,2,3,30,36.1,0.91,2,10,14300,518.14,529720.78
P0017,2758,6,5,12,27.5,2.06,4,6,14700,838.4,1400818.84
P0018,812,2,1,35,9.9,1.18,0,1,9300,204.9,419528.49
P0019,678,2,1,32,10.2,3.38,0,9,6800,342.38,379222.99
P0020,1545,4,4,12,4.9,3.33,3,7,14000,553.8,957506.79
P0021,3536,6,5,6,3.7,3.67,4,4,8400,883.5,1757768.55
P0022,1690,4,3,4,17.7,4.32,4,2,4700,573.41,830546.2
P0023,2764,6,5,15,7.6,2.48,4,7,5000,777.98,1442488.82
P0024,3761,6,5,27,26.9,3.68,4,8,7400,971.97,1689813.42
P0025,1441,2,3,34,3.7,1.64,0,10,15700,469.67,883751.04
P0026,2630,5,4,4,23.2,3.41,3,7,6500,796.56,1239358.77
P0027,2883,6,5,2,24.1,2.15,4,10,16800,850.58,1572067.12
P0028,1836,3,3,25,6.3,3.26,2,6,5300,513.41,946669.2
P0029,3094,6,5,4,21.1,2.58,4,6,5200,896.85,1473236.48
P0030,3965,6,5,19,23.8,4.94,4,9,3700,1068.49,1769082.72
P0031,2821,6,5,6,35.8,0.76,4,2,17600,727.32,1446502.58
P0032,1954,4,5,16,19.9,1.33,2,2,19700,528.08,1156628.13
P0033,1683,3,2,21,29.6,3.22,2,3,14800,504.11,798120.54
P0034,858,3,2,34,2.8,1.91,3,3,14500,348.18,615585.46
P0035,1812,4,3,22,9.2,1.32,2,6,17800,596.57,1050538.23
P0036,1183,2,1,11,33.7,0.22,2,6,14000,475.16,633852.81
P0037,4089,6,5,17,7.3,3.54,4,1,15500,950.26,2067614.36
P0038,1800,3,2,1,25.6,2.05,2,2,10600,493.11,845144.37
P0039,2636,6,5,34,13.6,0.24,4,3,18300,786.73,1454373.61
P0040,2329,6,5,20,17.4,4.92,4,7,18200,702.23,1327530.74
P0041,731,3,3,0,20.5,4.05,3,4,12800,367.71,592524.39
P0042,3102,6,5,7,27.8,1.57,4,7,11800,862.6,1524696.05
P0043,1761,5,4,12,16.8,4.71,4,3,19200,589.89,1011939.11
P0044,1794,4,3,27,30.2,3.07,3,8,14800,608.14,934238.21
P0045,1425,4,4,10,25.5,1.49,4,10,12000,565.84,859864.32
P0046,1821,3,2,9,2.4,1.3,2,10,5300,603.32,979792.57
P0047,4179,6,5,12,27.7,1.98,4,4,7200,1045.83,1952479.58
P0048,3704,6,5,14,7.9,4.79,4,8,4700,998.46,1771798.56
P0049,4024,6,5,8,30.8,3.37,4,10,11600,1119.32,1937256.81
P0050,3496,6,5,35,17.8,0.88,4,8,10100,980.46,1654370.15
P0051,3990,6,5,33,19.2,1.27,4,2,21700,950.77,2006580.93
P0052,2762,6,5,9,9.9,3.5,4,4,5100,766.65,1413826.15
P0053,1905,6,5,26,3.8,4.18,4,10,21300,644.85,1305226.7
P0054,2503,5,5,19,29.0,4.28,4,9,17400,818.53,1271086.68
P0055,1453,3,2,17,17.4,0.24,2,7,22000,472.04,932814.91
P0056,3098,6,5,25,23.1,3.35,4,7,6900,908.33,1441606.3
P0057,1294,2,2,24,13.4,2.33,1,7,10600,467.12,692706.61
P0058,885,2,1,34,3.4,4.76,0,2,20100,227.33,576764.21
P0059,677,1,1,1,24.2,1.27,0,2,17900,280.64,443524.74
P0060,2060,4,5,7,29.9,0.9,3,2,18300,542.37,1140493.52
P0061,1827,5,5,24,16.0,3.6,3,10,21100,676.92,1148661.39
P0062,1785,5,5,7,30.6,2.87,3,6,17100,581.14,1071158.23
P0063,2067,4,5,21,2.0,2.16,3,2,14500,637.14,1160854.84
P0064,3447,6,5,11,28.3,4.83,4,10,17200,997.92,1681775.07
P0065,2454,6,5,17,13.3,1.3,4,5,15000,706.11,1335490.87
P0066,2102,5,4,31,32.6,0.99,3,6,10100,629.39,987959.51
P0067,4155,6,5,17,21.8,2.63,4,2,9600,1023.91,1863667.64
P0068,3378,6,5,31,17.9,0.18,4,4,13800,905.22,1689790.01
P0069,1804,5,5,23,18.8,2.7,4,9,11900,647.9,979221.1
P0070,1494,3,4,12,13.0,3.74,3,3,8400,471.56,803442.3
P0071,2533,6,5,33,23.3,4.9,4,5,9300,732.03,1169198.82
P0072,1068,3,2,3,21.7,3.52,1,8,6100,450.51,592647.15
P0073,2901,6,5,30,17.6,1.0,4,5,15700,773.59,1553567.31
P0074,2913,6,5,3,7.0,4.07,4,2,9800,740.19,1545018.51
P0075,3681,6,5,14,29.8,1.96,4,5,18500,1001.58,1818094.19
P0076,3047,6,5,13,24.3,1.4,4,3,9600,781.84,1527635.67
P0077,857,1,1,26,17.9,3.01,0,1,9400,235.07,354027.95
P0078,841,3,2,16,30.3,3.16,3,4,14300,355.86,542339.71
P0079,1470,4,3,17,31.7,0.45,2,5,18700,509.5,816045.62
P0080,1059,3,4,19,27.0,4.72,3,9,16100,487.4,625766.36
P0081,2999,6,5,20,23.5,0.23,4,10,18500,934.9,1675134.43
P0082,1653,5,4,11,18.7,3.29,4,3,18400,557.13,1018557.32
P0083,3885,6,5,30,14.2,1.73,4,2,7600,936.28,1794330.4
P0084,2190,6,5,29,4.7,1.34,4,7,16600,740.69,1299321.76
P0085,554,2,3,29,16.6,1.02,1,10,16200,357.26,466214.9
P0086,2799,6,5,28,33.7,2.48,4,10,9600,874.8,1280811.26
P0087,1822,5,4,35,16.4,1.2,3,8,6500,633.73,955574.05
P0088,1745,5,5,17,16.7,2.46,4,4,15100,597.23,1101749.02
P0089,2121,4,5,32,28.7,0.77,2,5,14100,585.77,1052608.56
P0090,560,1,2,19,32.1,2.94,1,8,7300,316.45,182943.45
P0091,2533,6,5,35,29.3,1.95,4,4,21300,707.82,1289589.16
P0092,2232,4,4,30,27.2,4.08,3,3,16100,679.24,1128359.75
P0093,1067,4,5,21,33.2,4.38,3,2,16900,452.1,627110.9
P0094,4117,6,5,4,18.6,4.85,4,10,21200,1080.81,2143840.16
P0095,878,2,3,34,15.4,1.65,2,8,17300,367.63,643265.71
P0096,1727,3,4,5,17.3,0.58,3,2,14800,496.5,1024821.68
P0097,1776,3,2,20,30.6,1.54,2,7,7200,538.1,726075.46
P0098,1287,2,1,5,23.7,1.97,2,4,16200,480.94,756362.58
P0099,1136,2,2,16,18.3,3.37,1,5,20800,394.14,802246.8
P0100,2956,6,5,27,26.7,2.34,4,4,13300,845.41,1474742.48
P0101,986,1,1,22,22.5,4.96,0,1,20300,269.06,604095.83
P0102,3737,6,5,31,31.9,4.52,4,10,12500,994.56,1713140.15
P0103,1328,4,4,8,24.4,4.53,4,1,11400,509.9,750182.23
P0104,1088,2,2,20,28.8,0.96,0,9,12800,396.93,564801.4
P0105,1666,3,3,30,36.8,1.55,2,2,15400,530.17,820065.62
P0106,4073,6,5,25,36.8,4.04,4,2,13600,938.53,1883301.65
P0107,2747,6,5,23,26.1,3.39,4,7,19800,852.49,1480630.65
P0108,652,3,4,20,34.9,1.18,1,8,21400,318.58,525058.91
P0109,2222,4,3,2,36.0,1.59,3,2,5900,592.44,934229.72
P0110,2069,6,5,34,16.8,3.74,4,7,20200,646.32,1201882.42
P0111,2554,6,5,17,2.7,1.92,4,8,9500,821.27,1464453.82
P0112,2780,6,5,3,16.0,1.03,4,8,5800,842.68,1460335.32
P0113,3178,6,5,1,3.3,1.73,4,10,8700,878.9,1722166.16
P0114,1434,2,2,9,30.3,3.02,1,3,6800,423.14,568249.06
P0115,3820,6,5,1,6.3,1.86,4,10,11700,989.18,2003928.25
P0116,2274,6,5,4,18.9,3.91,4,10,6200,754.52,1201460.32
P0117,1457,4,3,33,12.5,3.25,2,1,15700,468.99,800941.81
P0118,3467,6,5,5,13.3,0.83,4,5,19400,927.37,1907105.09
P0119,2796,6,5,24,37.8,2.7,4,9,18900,834.3,1415770.88
P0120,3231,6,5,13,17.2,4.45,4,6,15100,873.45,1642710.71
P0121,3538,6,5,27,12.9,1.35,4,8,5200,921.96,1712399.45
P0122,3599,6,5,8,21.8,2.97,4,9,11900,1002.82,1803311.34
P0123,2232,5,5,27,33.2,3.63,4,10,11400,736.92,1049592.17
P0124,3239,6,5,6,14.3,2.83,4,5,18100,845.64,1744074.97
P0125,2307,6,5,35,2.5,4.65,4,5,4200,673.3,1139922.59
P0126,1941,5,4,11,33.2,2.87,4,2,7100,627.48,859957.52
P0127,675,1,2,33,9.4,2.16,0,3,12900,228.66,372239.86
P0128,2992,6,5,9,7.2,3.13,4,2,10400,786.87,1637038.06
P0129,2286,5,5,28,16.6,1.16,4,2,12300,658.47,1181216.58
P0130,2543,6,5,19,3.2,2.04,4,1,3600,670.18,1338331.06
P0131,1415,2,2,18,13.5,0.14,2,7,7900,461.62,717426.32
P0132,2838,6,5,4,16.0,3.74,4,1,15200,794.96,1508793.99
P0133,4081,6,5,27,22.4,3.58,4,5,6400,1015.08,1841262.74
P0134,3081,6,5,23,4.7,4.24,4,7,18500,858.62,1697930.95
P0135,872,2,2,21,9.6,3.92,0,9,19700,316.36,571668.82
P0136,1981,5,5,9,10.1,0.82,3,3,18900,552.87,1247221.86
P0137,3659,6,5,11,36.2,3.18,4,10,18300,1003.51,1843701.02
P0138,3152,6,5,20,7.0,0.43,4,5,10500,866.5,1626472.91
P0139,1991,6,5,19,18.4,0.28,4,5,5400,662.85,1047460.35
P0140,2983,6,5,29,22.7,4.78,4,1,15000,819.84,1445081.09
P0141,2891,6,5,20,23.6,2.56,4,8,6100,877.48,1418725.92
P0142,895,3,4,11,2.9,3.57,2,9,16800,440.08,670897.44
P0143,2040,5,5,24,16.4,1.76,4,1,19600,623.93,1207900.79
P0144,3328,6,5,16,27.9,3.32,4,3,12000,823.19,1584334.8
P0145,3268,6,5,19,36.8,3.52,4,3,18700,875.12,1620276.46
P0146,3185,6,5,33,4.9,3.39,4,6,3900,861.56,1538782.05
P0147,1288,2,2,31,8.5,5.0,0,2,11000,380.28,675115.97
P0148,3970,6,5,2,25.7,4.39,4,3,18700,968.27,2012148.39
P0149,1214,2,3,10,27.8,0.31,1,4,14800,402.58,677650.76
P0150,1508,5,4,19,36.7,3.94,3,6,20800,583.15,796379.75
P0151,2354,6,5,24,19.9,2.15,4,4,18900,665.56,1320227.35
P0152,4130,6,5,6,27.5,2.63,4,5,5600,1059.71,1917623.96
P0153,1667,4,5,9,31.8,0.55,2,8,12400,599.11,869317.05
P0154,2081,4,4,5,15.2,0.24,2,6,7200,570.34,1107555.77
P0155,1725,4,5,8,29.2,2.4,4,1,5500,504.4,810701.7
P0156,3528,6,5,27,5.6,1.51,4,2,4700,862.88,1700629.78
P0157,3167,6,5,4,5.5,4.54,4,9,3900,921.26,1539237.48
P0158,1743,4,3,22,10.3,2.14,4,2,16900,615.21,1006934.63
P0159,827,3,4,32,30.2,2.59,1,7,15500,312.21,446574.91
P0160,3611,6,5,4,14.1,3.69,4,2,18300,927.5,1914694.46
P0161,1911,4,3,22,21.4,4.09,2,8,21300,597.83,1091358.31
P0162,3482,6,5,18,8.9,3.98,4,6,11400,930.3,1770810.6
P0163,3889,6,5,16,2.8,3.27,4,6,4700,1038.6,1870071.94
P0164,2057,5,5,28,34.2,1.99,3,8,21200,661.01,1141619.19
P0165,3815,6,5,5,28.0,0.49,4,3,17400,932.08,1941647.85
P0166,1760,4,4,27,7.6,2.28,3,1,12500,535.29,996321.5
P0167,2331,6,5,3,4.2,3.22,4,9,20800,723.58,1574300.61
P0168,3327,6,5,8,4.0,3.91,4,6,13300,945.81,1789203.46
P0169,682,3,2,28,36.1,1.92,1,10,7000,370.71,223410.18
P0170,1572,3,2,11,19.7,2.0,3,2,10200,529.46,830753.01
P0171,3433,6,5,18,26.8,4.99,4,2,6900,907.22,1455508.28
P0172,2373,5,5,20,25.9,3.58,4,9,10900,804.27,1204633.21
P0173,4037,6,5,11,30.5,2.59,4,4,7000,978.33,1778059.8
P0174,2894,6,5,35,6.2,4.43,4,5,13600,860.88,1502963.96
P0175,3494,6,5,26,29.6,4.13,4,3,11600,909.15,1542925.24
P0176,1961,4,5,11,29.5,0.73,4,1,6600,596.79,944433.37
P0177,1795,3,2,20,35.6,1.2,3,5,5500,553.16,697976.41
P0178,1062,4,4,34,4.9,3.24,4,10,7400,508.28,629002.47
P0179,3107,6,5,21,32.3,2.86,4,2,4600,858.11,1346483.13
P0180,1413,4,4,1,19.7,3.17,3,5,15800,483.83,862333.08
P0181,3856,6,5,19,18.1,3.47,4,8,14100,1018.51,1915366.96
P0182,1830,5,5,22,37.1,0.74,4,9,17800,628.02,1058769.56
P0183,1540,4,3,17,17.9,0.79,2,5,13300,533.62,798993.16
P0184,1204,3,4,20,8.4,0.88,3,8,16200,545.63,894773.97
P0185,2587,5,4,25,19.9,4.84,3,10,12500,735.53,1273300.0
P0186,4002,6,5,30,11.9,0.14,4,7,6900,1072.61,1948172.52
P0187,3529,6,5,23,3.2,0.35,4,4,12700,918.54,1880851.82
P0188,3680,6,5,7,6.2,0.57,4,6,17700,1008.29,2028736.78
P0189,3642,6,5,32,16.2,0.3,4,3,21700,904.86,1867405.73
P0190,3033,6,5,20,35.5,1.66,4,10,11100,905.31,1448523.77
P0191,2627,6,5,31,27.4,1.57,4,6,11900,792.24,1331855.8
P0192,3813,6,5,1,23.3,1.4,4,10,18200,1009.09,1987987.59
P0193,760,3,3,10,20.6,3.63,2,3,20900,307.02,555379.32
P0194,1331,2,2,20,16.8,2.12,0,7,16300,441.08,733483.96
P0195,2481,6,5,3,27.3,2.64,4,6,20400,746.42,1348748.68
P0196,2432,6,5,34,14.4,3.88,4,5,19100,726.18,1408074.94
P0197,1559,4,5,19,9.7,4.87,3,5,21500,506.35,1026853.5
P0198,1978,6,5,17,12.0,2.91,4,7,13600,701.88,1138175.3
P0199,3716,6,5,2,12.0,3.6,4,8,20200,970.52,1990069.13
P0200,2756,6,5,17,6.5,3.12,4,4,9700,729.16,1451237.33
P0201,2725,5,5,14,3.4,2.13,4,8,6000,834.62,1484835.01
P0202,1196,3,4,30,18.9,1.08,2,6,10800,461.87,724692.47
P0203,3698,6,5,14,21.0,3.64,4,3,14100,969.86,1840072.22
P0204,3975,6,5,11,35.7,4.81,4,1,3700,937.34,1736121.97
P0205,3018,6,5,18,18.1,3.24,4,8,6900,904.35,1439678.8
P0206,1011,2,1,29,25.2,3.62,0,6,11000,350.76,442316.62
P0207,3651,6,5,25,31.7,2.62,4,7,20600,930.72,1851237.32
P0208,1566,3,3,24,10.1,3.79,2,5,18400,524.17,930821.31
P0209,596,1,2,23,26.8,0.4,0,8,11300,259.25,290561.8
P0210,4186,6,5,7,24.8,4.71,4,10,9100,1075.39,1882618.56
P0211,1097,3,2,29,28.8,3.07,2,9,15500,491.2,608443.84
P0212,3670,6,5,5,20.7,2.69,4,2,17900,875.82,1816727.6
P0213,3944,6,5,12,22.4,0.83,4,9,14800,1009.54,1988877.68
P0214,922,3,3,3,18.1,2.61,2,10,4900,451.84,575191.3
P0215,3305,6,5,1,16.0,4.1,4,4,18300,830.2,1720667.09
P0216,2766,6,5,30,2.7,2.1,4,7,13000,861.17,1538802.49
P0217,2116,5,5,24,4.4,4.82,4,3,20200,682.91,1363989.32
P0218,2159,6,5,14,32.0,3.81,4,8,20700,736.53,1295213.65
P0219,2287,6,5,14,10.5,1.8,4,4,22000,716.21,1477142.03
P0220,3068,6,5,13,4.0,3.01,4,10,20700,922.57,1800739.26
P0221,749,1,2,2,16.2,1.25,0,1,7000,237.21,386576.78
P0222,3546,6,5,20,10.1,4.39,4,9,9100,967.64,1808189.99
P0223,1677,3,4,11,24.3,2.19,2,1,12300,518.02,826288.42
P0224,1855,5,5,26,6.9,1.94,4,8,9600,694.83,1011739.15
P0225,1781,5,4,29,34.9,2.86,4,9,17000,621.99,938330.53
P0226,3198,6,5,23,4.9,3.65,4,1,10300,805.36,1633233.02
P0227,3027,6,5,4,8.4,3.83,4,9,9000,880.8,1614314.66
P0228,612,1,1,7,28.8,3.8,0,10,21500,290.61,437772.5
P0229,1530,5,5,18,15.4,2.71,4,5,10100,551.36,913012.22
P0230,3838,6,5,20,34.9,1.92,4,1,17900,969.25,1795406.78
P0231,3586,6,5,16,21.7,2.96,4,7,11000,924.72,1717371.29
P0232,3963,6,5,35,25.4,3.46,4,8,22000,1053.51,1996476.4
P0233,2559,6,5,22,7.7,3.63,4,3,17300,775.65,1482672.04
P0234,3986,6,5,3,29.4,2.12,4,4,5200,1016.2,1788576.83
P0235,587,1,2,29,15.1,3.13,1,10,15800,366.59,468687.49
P0236,2234,4,3,33,27.9,2.73,3,1,16300,640.44,1068165.25
P0237,3310,6,5,6,35.0,2.67,4,4,19300,876.45,1680851.4
P0238,2175,4,4,25,18.3,1.29,4,4,11100,687.9,1079461.86
P0239,4022,6,5,2,4.9,1.96,4,8,4900,1063.63,1983836.21
P0240,4012,6,5,21,22.2,4.3,4,9,4500,1033.14,1782121.15
P0241,4105,6,5,30,11.4,4.63,4,5,17400,1035.25,2110674.65
P0242,1838,3,2,9,29.0,3.59,2,2,11100,481.09,858494.83
P0243,1534,5,5,34,13.6,3.8,3,2,16300,519.67,891947.28
P0244,1500,3,3,25,36.9,1.7,3,5,15000,524.06,738391.37
P0245,2007,6,5,27,8.3,2.97,4,2,19300,594.8,1227128.86
P0246,1647,3,3,9,28.5,1.65,1,2,3600,489.76,702306.91
P0247,2371,6,5,6,6.3,1.02,4,9,17700,766.02,1496799.35
P0248,2820,6,5,20,33.0,0.16,4,7,5600,844.08,1303791.31
P0249,2841,6,5,33,7.7,1.97,4,5,11200,778.22,1483362.66
P0250,1680,4,4,30,30.1,1.87,2,8,18700,570.07,932300.97
P0251,2425,5,4,19,1.7,2.04,4,7,11900,744.52,1304423.6
P0252,3216,6,5,19,13.2,4.74,4,8,11500,872.64,1645374.18
P0253,2181,5,5,31,36.8,3.93,4,7,10600,738.23,972822.68
P0254,2859,6,5,34,8.1,3.86,4,8,21600,811.58,1622974.04
P0255,3817,6,5,4,31.4,4.0,4,8,7000,1026.39,1742419.93
P0256,3479,6,5,4,17.9,3.03,4,7,17100,940.88,1883063.13
P0257,4112,6,5,34,2.8,4.85,4,9,18700,1091.98,2165310.14
P0258,3243,6,5,10,25.1,0.32,4,7,11900,944.31,1662488.3
P0259,2313,5,4,6,10.9,2.6,4,9,18300,773.11,1396821.82
P0260,2446,6,5,32,7.0,4.99,4,2,11000,685.88,1295313.61
P0261,901,1,2,9,14.2,1.78,0,9,15800,345.01,662563.55
P0262,2403,6,5,19,3.1,3.58,4,6,20000,695.48,1500250.0
P0263,3827,6,5,15,20.3,2.8,4,9,14400,1072.71,1908903.81
P0264,1305,2,3,27,15.9,3.71,0,8,18600,413.86,801124.82
P0265,568,2,1,13,11.7,3.55,0,10,6100,342.19,305059.53
P0266,1357,3,2,16,26.0,2.5,3,6,18700,500.12,785447.97
P0267,2157,6,5,22,14.3,2.34,4,5,19200,687.28,1272861.6
P0268,1527,4,3,11,15.1,0.79,3,7,18700,517.65,974593.36
P0269,2121,5,4,31,24.7,3.5,4,3,17700,614.47,1100064.26
P0270,3998,6,5,3,33.1,4.76,4,3,8400,1017.16,1812983.54
P0271,2850,6,5,31,16.4,2.51,4,8,16000,805.73,1445387.9
P0272,1453,3,2,17,9.7,1.51,2,10,16100,546.51,892380.84
P0273,1013,3,2,17,29.8,4.13,2,9,4500,476.34,391202.69
P0274,2291,4,5,15,12.4,5.0,3,5,12400,703.6,1211103.38
P0275,906,2,1,15,9.2,3.71,2,6,21600,406.11,656207.31
P0276,3764,6,5,3,22.3,2.71,4,9,7800,997.89,1829528.04
P0277,3433,6,5,17,36.3,2.62,4,2,6900,918.22,1515689.55
P0278,1685,5,4,8,10.6,3.59,3,7,16000,546.52,988162.02
P0279,3140,6,5,26,15.2,0.47,4,7,16600,904.18,1645767.96
P0280,2412,6,5,0,33.2,4.25,4,8,19700,776.57,1269851.31
P0281,2017,4,5,25,9.5,2.21,2,8,10300,601.35,1078831.09
P0282,1084,4,4,21,34.1,3.84,2,2,19500,407.51,670992.35
P0283,2432,5,4,10,17.6,0.1,4,4,21100,756.7,1450491.84
P0284,4131,6,5,23,10.6,1.92,4,3,4800,999.21,1891287.52
P0285,1801,5,5,14,17.2,0.55,3,1,8900,528.86,989563.92
P0286,3335,6,5,0,26.9,4.1,4,3,15700,823.38,1693320.29
P0287,2119,4,5,6,5.3,1.9,3,3,13200,639.77,1237389.82
P0288,3323,6,5,33,22.1,3.09,4,8,12400,946.38,1580646.85
P0289,3122,6,5,26,24.0,2.27,4,2,6000,779.96,1452905.44
P0290,1989,5,5,8,10.5,3.26,3,9,18800,671.02,1297609.38
P0291,3038,6,5,1,32.4,3.33,4,4,16700,835.53,1557341.53
P0292,3196,6,5,31,15.6,1.28,4,10,5300,928.11,1557228.21
P0293,599,1,1,8,15.6,4.21,0,6,17400,288.11,458532.3
P0294,3705,6,5,4,2.0,1.16,4,7,16400,959.55,1948150.57
P0295,3468,6,5,27,27.1,0.5,4,9,19200,927.51,1786962.08
P0296,1382,2,3,20,15.8,3.21,2,2,11400,452.63,717581.87
P0297,3539,6,5,15,4.6,2.23,4,10,19000,942.52,1933679.17
P0298,1269,2,1,8,27.1,0.9,1,9,16700,489.72,683248.05
P0299,3502,6,5,23,6.1,3.93,4,2,4200,867.86,1605309.78
P0300,1627,5,5,4,19.6,2.6,3,8,18000,550.55,1073171.13
P0301,1194,3,2,7,9.8,2.59,1,1,9700,306.52,627064.2
P0302,1283,2,3,26,9.7,1.32,2,6,10400,495.54,779056.65
P0303,2891,6,5,32,26.1,0.36,4,9,4600,903.79,1362910.16
P0304,1706,4,4,5,21.7,0.14,2,5,17900,555.53,1057673.95
P0305,3579,6,5,29,14.9,4.86,4,9,9700,947.28,1714219.55
P0306,2768,6,5,0,36.2,0.11,4,7,11300,772.63,1386237.55
P0307,2720,5,5,31,36.6,4.87,3,5,5800,698.99,1118225.59
P0308,2241,6,5,29,37.1,0.52,4,9,6900,755.1,1097725.9
P0309,2165,4,5,3,17.4,4.82,2,5,10100,644.79,1144470.67
P0310,3957,6,5,20,18.0,1.24,4,3,18400,939.16,1984673.16
P0311,982,1,1,29,13.0,0.69,0,4,15000,295.59,560792.85
P0312,1195,4,4,2,9.3,4.3,2,2,21700,373.92,923295.35
P0313,2007,5,5,3,26.2,1.37,3,1,13800,603.72,1050265.17
P0314,937,2,1,8,5.9,0.4,0,3,8500,327.03,556917.93
P0315,2074,6,5,5,22.8,1.37,4,1,5100,585.1,1001596.38
P0316,926,2,1,2,35.9,0.35,2,7,22000,400.18,577669.15
P0317,670,2,3,27,7.8,1.15,0,5,10600,265.2,485231.1
P0318,3077,6,5,18,19.7,4.43,4,1,5700,773.84,1447557.87
P0319,1112,3,2,33,10.6,4.97,3,1,13200,435.35,580967.17
P0320,2535,6,5,32,13.2,1.43,4,6,18700,730.2,1463822.61
P0321,3870,6,5,30,20.8,3.86,4,3,6000,937.39,1717976.38
P0322,3790,6,5,14,22.5,4.92,4,6,7900,951.81,1790297.33
P0323,2976,6,5,22,34.9,0.24,4,6,18000,844.04,1487834.34
P0324,3869,6,5,19,7.9,0.29,4,4,18900,946.3,2044122.89
P0325,2706,6,5,21,35.0,1.09,4,6,21800,756.83,1465858.83
P0326,793,1,1,9,29.8,4.25,0,2,13000,277.19,290682.4
P0327,3262,6,5,6,13.8,1.68,4,7,19800,947.23,1803204.75
P0328,2851,6,5,22,9.6,2.99,4,7,11300,850.58,1476654.91
P0329,1756,3,2,0,36.1,4.75,2,10,4300,564.29,696639.85
P0330,3054,6,5,6,35.7,0.79,4,2,9500,788.4,1491952.88
P0331,1858,3,4,5,31.5,3.38,3,6,14900,552.58,973708.78
P0332,1985,5,4,0,3.3,2.25,4,3,14000,622.61,1283935.49
P0333,2101,5,5,24,5.2,2.45,4,4,7600,651.31,1130678.59
P0334,632,2,2,6,4.2,0.93,1,3,5400,279.46,428269.49
P0335,931,2,3,30,27.2,2.21,2,3,19000,402.56,558583.22
P0336,1391,2,2,35,27.9,3.68,1,5,11100,409.13,592859.98
P0337,753,2,3,35,32.2,0.85,1,1,14400,231.3,383957.31
P0338,2517,5,4,1,9.1,3.23,3,8,6400,724.9,1266818.05
P0339,2178,5,5,16,4.8,2.77,3,6,13200,645.98,1234152.26
P0340,2454,6,5,17,22.1,0.84,4,2,5600,712.53,1195078.0
P0341,3860,6,5,14,21.7,4.22,4,7,17200,1027.51,1966737.23
P0342,1515,4,4,5,15.9,4.28,2,9,18100,580.75,957266.64
P0343,3828,6,5,9,5.9,3.81,4,3,8900,985.89,1916776.07
P0344,3348,6,5,9,31.9,1.36,4,2,5700,845.45,1536495.48
P0345,2177,6,5,17,20.5,4.59,4,10,18500,744.12,1229862.63
P0346,1157,4,5,6,35.3,2.86,2,5,17200,466.27,718943.2
P0347,4145,6,5,24,25.4,2.9,4,1,7900,965.64,1873670.62
P0348,3391,6,5,25,34.0,1.72,4,1,15600,894.46,1637366.16
P0349,2075,4,4,19,12.8,4.23,4,2,9300,590.94,1082065.74
P0350,3932,6,5,26,23.6,0.54,4,4,13900,1009.85,1883141.41
P0351,3660,6,5,3,20.3,0.88,4,9,13800,960.36,1925763.23
P0352,668,1,1,12,32.0,1.32,0,1,12700,242.7,250269.78
P0353,1672,4,4,32,16.0,4.62,4,1,9600,530.21,799196.2
P0354,4115,6,5,35,14.3,0.9,4,2,10700,947.45,1924831.95
P0355,753,1,2,13,32.8,3.27,1,4,10300,323.7,249055.27
P0356,3693,6,5,30,34.8,3.27,4,1,9200,881.98,1591222.64
P0357,3847,6,5,17,17.0,1.94,4,8,9900,990.28,1855442.95
P0358,3104,6,5,6,1.8,5.0,4,9,20000,906.1,1840602.69
P0359,1707,4,5,6,19.1,1.75,3,6,10500,550.37,943641.28
P0360,1773,3,2,33,29.4,4.51,3,7,20400,580.1,829662.28
P0361,1123,4,3,31,37.9,1.37,3,7,13400,504.81,459092.99
P0362,3892,6,5,14,26.6,3.23,4,6,16400,982.58,1845633.91
P0363,1246,4,5,11,12.2,2.41,4,5,22000,545.11,960780.25
P0364,3334,6,5,5,9.6,1.19,4,7,11900,901.29,1746958.67
P0365,2948,6,5,7,18.7,4.35,4,10,19300,837.76,1663020.78
P0366,4103,6,5,33,12.4,0.36,4,3,8600,988.81,1905342.53
P0367,2882,6,5,20,33.0,0.98,4,8,12000,857.86,1427532.68
P0368,569,1,1,13,29.3,0.93,0,8,5700,251.36,268944.02
P0369,2326,6,5,25,17.2,2.44,4,1,17100,630.62,1274226.36
P0370,1869,5,4,1,26.2,3.17,3,4,21200,617.12,1129614.51
P0371,1828,3,2,24,19.9,1.6,1,1,11100,510.89,819858.76
P0372,2696,6,5,8,14.0,4.52,4,4,7700,808.09,1370226.83
P0373,3875,6,5,14,9.7,4.93,4,1,18500,939.96,2023003.77
P0374,3794,6,5,16,29.7,3.15,4,1,20400,885.73,1906037.59
P0375,3974,6,5,7,16.7,1.96,4,5,15600,1025.51,2029911.28
P0376,588,1,1,6,25.7,1.42,1,3,14200,299.91,422494.64
P0377,979,3,4,7,11.8,3.95,2,4,19000,354.19,742656.41
P0378,1376,3,4,26,12.3,0.29,2,4,21100,498.99,967412.08
P0379,1904,4,3,0,26.0,4.54,4,8,7300,713.66,934862.09
P0380,3513,6,5,14,18.2,4.89,4,8,4700,918.32,1612377.05
P0381,1265,2,2,23,30.8,1.63,2,2,5900,446.82,491991.58
P0382,1116,4,5,10,13.5,4.48,4,5,5800,478.14,646305.24
P0383,1953,4,3,25,16.1,2.34,3,8,14200,657.42,1060824.89
P0384,3401,6,5,10,5.3,4.57,4,10,20800,956.0,1894525.75
P0385,3053,6,5,1,33.0,4.41,4,3,15800,857.58,1543892.2
P0386,738,1,1,20,2.0,4.35,1,10,22000,384.34,676434.77
P0387,3293,6,5,33,26.6,3.13,4,4,15800,855.31,1569533.09
P0388,3986,6,5,3,1.9,4.68,4,8,16100,1080.42,2083872.63
P0389,856,2,2,15,13.6,1.46,2,4,17500,376.41,602877.07
P0390,2430,6,5,28,4.7,2.54,4,2,16200,715.92,1396673.76
P0391,622,1,1,26,2.8,2.79,0,10,19300,335.71,588677.41
P0392,3231,6,5,21,14.8,0.37,4,8,11900,913.6,1635920.76
P0393,3088,6,5,23,27.6,0.66,4,4,3500,817.98,1422175.7
P0394,1745,5,5,23,27.1,0.32,3,8,7000,637.28,797014.53
P0395,3591,6,5,6,10.8,1.06,4,7,9000,956.08,1836400.93
P0396,991,2,1,7,29.7,2.31,2,10,16400,421.84,539620.78
P0397,2593,5,5,3,21.7,2.22,4,8,16500,820.85,1480559.21
P0398,1261,4,3,6,15.6,3.04,3,9,13300,521.85,783438.34
P0399,3044,6,5,17,16.0,1.78,4,8,6900,837.74,1446622.25
P0400,2648,6,5,35,32.9,3.59,4,4,8600,725.61,1125126.05
P0401,3476,6,5,22,35.1,0.75,4,3,16300,895.93,1631543.77
P0402,3666,6,5,30,22.8,4.72,4,7,20700,998.67,1794855.57
P0403,3996,6,5,27,31.0,2.66,4,7,7200,988.59,1789960.01
P0404,3767,6,5,16,6.8,0.4,4,4,17300,909.29,2011970.97
P0405,3884,6,5,35,33.1,3.74,4,7,9500,1014.21,1718363.43
P0406,3388,6,5,24,15.6,4.79,4,6,17600,867.22,1682178.93
P0407,3596,6,5,28,31.8,4.57,4,6,18500,953.94,1674946.03
P0408,1342,3,3,11,37.4,0.46,1,9,6500,462.28,556695.1
P0409,2305,5,5,16,6.2,2.96,4,1,11900,653.53,1275723.48
P0410,1871,5,4,19,19.4,2.91,4,2,21600,572.57,1121575.9
P0411,1450,2,3,4,30.2,0.88,2,9,13800,488.19,795233.25
P0412,1909,5,5,18,9.5,3.79,4,8,17800,701.99,1211668.51
P0413,3209,6,5,22,17.8,4.53,4,10,9700,973.51,1553613.07
P0414,3811,6,5,16,21.2,1.49,4,6,16600,1018.26,1891775.0
P0415,2375,6,5,18,34.3,1.04,4,2,5900,648.24,1118482.47
P0416,580,2,1,13,26.0,3.89,2,7,6100,318.96,241379.61
P0417,3944,6,5,27,25.1,4.7,4,3,4100,971.84,1684243.38
P0418,772,1,1,35,4.1,4.13,0,7,13400,308.07,481501.82
P0419,2206,5,5,1,15.7,0.68,3,10,5100,737.68,1131126.89
P0420,847,2,3,6,12.1,3.46,2,2,10700,362.99,512178.77
P0421,2342,6,5,1,18.8,2.71,4,7,17400,715.06,1355380.35
P0422,4183,6,5,23,36.4,0.15,4,3,6600,973.12,1796093.19
P0423,2895,6,5,34,21.5,0.52,4,6,8900,814.37,1368634.13
P0424,1209,2,1,16,8.6,0.99,2,1,17500,385.75,739395.95
P0425,2801,6,5,4,10.7,1.07,4,8,11900,815.89,1540515.58
P0426,1717,5,4,12,13.1,2.31,4,5,21200,607.48,1115506.25
P0427,2866,6,5,20,36.5,0.93,4,4,9100,815.1,1298313.81
P0428,2022,4,5,21,33.5,2.37,3,5,15900,624.13,1001309.92
P0429,1269,4,5,5,32.2,4.31,2,9,8500,472.74,662270.12
P0430,858,1,2,1,31.2,2.94,1,4,4400,332.6,317481.89
P0431,2776,6,5,9,14.9,1.19,4,5,6900,786.15,1380095.84
P0432,2606,5,5,15,32.5,4.05,4,3,16600,699.12,1291279.13
P0433,1202,2,3,9,28.4,2.47,1,1,9100,379.51,553650.06
P0434,1508,3,4,13,20.4,3.98,2,8,15100,565.6,887269.31
P0435,713,3,3,6,27.2,2.65,2,5,18300,352.78,564199.11
P0436,2046,6,5,4,20.4,1.94,4,9,13800,691.57,1249265.49
P0437,4104,6,5,30,33.9,0.13,4,8,7700,1037.72,1795291.7
P0438,1165,2,1,23,23.5,4.1,2,4,14100,448.82,572700.09
P0439,3500,6,5,30,19.0,2.99,4,7,4000,918.37,1610273.61
P0440,1101,4,5,2,34.0,0.82,2,5,8100,419.84,627249.4
P0441,2210,6,5,1,33.6,3.67,4,2,9000,646.72,1144326.47
P0442,1248,2,2,9,30.5,4.12,0,10,20300,435.72,714622.46
P0443,1236,4,5,21,35.2,3.02,2,4,13100,419.03,645972.39
P0444,4070,6,5,26,31.7,3.07,4,8,19200,1068.58,1976704.84
P0445,4145,6,5,7,4.9,3.33,4,9,3500,1123.8,2002602.42
P0446,2688,6,5,2,27.0,2.2,4,7,12400,806.74,1349575.21
P0447,3586,6,5,6,17.0,1.35,4,2,10700,909.31,1753177.85
P0448,572,2,3,0,22.6,0.68,0,7,20200,247.5,542931.92
P0449,3844,6,5,23,5.4,2.19,4,5,10100,1017.42,1877864.2
P0450,1678,5,5,13,16.6,3.94,4,3,12900,573.95,981422.19
P0451,2531,6,5,22,29.8,2.05,4,2,9300,704.24,1187089.12
P0452,1428,4,4,21,30.7,3.11,4,1,7600,487.95,626354.03
P0453,3154,6,5,9,18.7,3.04,4,2,10200,793.9,1564511.53
P0454,2124,5,5,33,12.0,4.82,3,3,19800,612.76,1203266.71
P0455,593,1,2,33,11.9,0.26,1,9,16700,359.58,437949.3
P0456,2023,4,5,0,37.1,0.53,3,7,12500,660.11,1009472.71
P0457,2210,6,5,33,2.1,3.55,4,9,10700,758.41,1198874.13
P0458,1973,5,4,12,18.1,2.08,3,5,7900,600.85,1002095.38
P0459,986,3,2,32,12.2,4.74,3,5,17200,463.79,581571.5
P0460,2094,6,5,15,29.1,4.81,4,8,18500,739.12,1142411.99
P0461,2524,5,5,4,15.5,3.96,3,4,11500,688.56,1295271.9
P0462,3420,6,5,18,4.9,3.4,4,2,17600,912.74,1860167.07
P0463,2501,6,5,13,34.1,1.42,4,4,16200,751.89,1296846.19
P0464,1637,3,2,12,32.0,4.2,2,3,6200,452.65,687925.91
P0465,871,3,4,31,23.9,3.84,3,1,15800,350.9,480087.17
P0466,4158,6,5,31,8.2,3.84,4,5,13600,1010.65,2095018.12
P0467,2912,6,5,33,30.7,2.44,4,1,16300,750.89,1440728.58
P0468,2422,5,5,33,18.3,3.48,3,4,13200,687.06,1163816.94
P0469,1882,4,5,16,8.3,1.39,3,8,19100,614.07,1222388.49
P0470,2266,6,5,23,32.7,1.47,4,10,6800,805.81,1111686.04
P0471,3359,6,5,17,30.8,2.82,4,4,7200,912.62,1511426.24
P0472,589,1,1,31,6.4,4.48,1,9,17100,361.08,418844.72
P0473,3766,6,5,16,22.0,2.88,4,2,21100,898.21,1927701.22
P0474,3986,6,5,28,28.7,1.37,4,9,17700,1098.66,1970540.14
P0475,1605,4,3,26,5.9,4.35,4,4,18200,574.49,981854.27
P0476,3746,6,5,20,26.1,2.49,4,8,5500,988.39,1677467.19
P0477,1723,4,5,9,33.2,3.24,3,7,19600,600.37,924990.71
P0478,874,1,1,14,12.9,3.3,1,5,18900,356.78,643425.38
P0479,1661,4,4,33,36.7,2.13,2,1,6700,493.76,606889.24
P0480,3420,6,5,13,7.6,0.6,4,8,17500,896.98,1814011.59
P0481,3707,6,5,5,5.3,3.13,4,7,11400,954.2,1916790.78
P0482,1067,2,3,10,2.5,3.35,1,8,15400,460.56,730149.62
P0483,2764,6,5,28,6.4,4.75,4,3,18600,773.28,1488358.51
P0484,2860,6,5,34,12.8,1.8,4,4,5700,786.99,1327173.06
P0485,2048,5,5,9,12.6,0.1,3,6,10800,632.56,1253872.33
P0486,3644,6,5,0,29.5,4.01,4,4,3600,938.74,1626987.85
P0487,1322,3,4,27,15.9,0.9,3,7,13100,489.02,826816.96
P0488,2666,6,5,17,11.9,3.74,4,7,8300,829.23,1390657.98
P0489,1297,2,2,7,24.7,3.13,1,10,16000,447.24,751303.42
P0490,2741,6,5,6,11.8,0.71,4,1,9400,694.4,1449009.0
P0491,610,1,1,21,16.8,3.95,0,6,15300,291.49,399893.9
P0492,3624,6,5,17,29.8,0.45,4,3,8400,957.89,1671087.74
P0493,1574,4,3,7,37.1,3.6,3,8,9800,598.08,782252.37
P0494,3707,6,5,13,18.8,3.44,4,6,7500,982.18,1758573.78
P0495,722,3,4,33,6.0,2.46,2,4,12700,376.71,549057.44
P0496,1012,1,2,27,13.3,0.92,0,10,6500,381.74,484032.94
P0497,1545,3,2,30,26.6,0.86,1,4,7500,451.09,647185.0
P0498,3661,6,5,3,14.5,0.85,4,2,6700,911.76,1754333.18
P0499,1847,5,5,22,30.9,2.25,3,1,21100,527.24,1031219.52
P0500,711,2,3,28,21.9,2.76,1,4,18000,269.64,446259.83
P0501,1974,5,5,29,11.5,4.17,4,3,5200,624.43,902522.74
P0502,2768,6,5,0,29.8,2.58,4,3,3900,776.21,1296556.14
P0503,2041,6,5,20,27.8,3.33,4,7,8300,683.79,963542.03
P0504,3061,6,5,26,24.9,0.64,4,2,4600,838.5,1381983.48
P0505,1081,2,1,12,5.4,1.04,0,10,19900,438.21,789019.63
P0506,3422,6,5,3,14.9,3.07,4,1,8800,873.53,1645777.96
P0507,4194,6,5,3,14.7,3.74,4,6,21600,1012.75,2165796.59
P0508,3557,6,5,4,36.0,4.81,4,2,22000,867.36,1744466.53
P0509,2128,4,3,33,25.5,2.89,2,9,17700,642.56,1124559.22
P0510,2016,6,5,27,33.7,0.92,4,9,13700,701.35,1085982.14
P0511,3243,6,5,28,35.6,4.52,4,6,13000,876.97,1434154.66
P0512,1874,5,4,34,9.3,3.85,4,5,12700,673.49,979416.72
P0513,2382,6,5,2,37.4,3.02,4,3,11200,645.42,1185907.38
P0514,1839,3,4,17,35.0,2.61,3,10,7400,605.45,819724.74
P0515,2435,6,5,8,11.2,4.46,4,4,10000,747.41,1331135.34
P0516,1440,4,3,20,30.4,0.95,4,10,5900,618.72,709613.02
P0517,1780,3,4,24,4.4,0.37,2,6,14600,544.05,1111601.03
P0518,1478,5,5,0,24.6,3.2,3,5,16900,475.16,883438.87
P0519,2761,6,5,20,19.8,1.18,4,7,14900,836.26,1457158.17
P0520,2319,6,5,9,6.3,0.5,4,1,17500,649.34,1408950.04
P0521,898,2,3,27,29.7,0.74,0,8,17800,317.45,499582.79
P0522,2848,6,5,33,10.5,0.45,4,6,21000,857.05,1644196.54
P0523,916,1,2,26,17.0,1.81,0,6,18700,342.42,585228.59
P0524,1982,6,5,9,17.6,4.63,4,4,21000,622.14,1203436.05
P0525,3653,6,5,7,28.5,1.29,4,3,10800,874.91,1733764.71
P0526,2393,6,5,21,9.1,2.74,4,9,16800,793.78,1386210.97
P0527,2797,6,5,9,26.9,3.37,4,10,20400,856.14,1539349.42
P0528,1372,4,5,17,3.4,3.31,2,2,13400,447.0,894773.78
P0529,3265,6,5,6,2.2,4.35,4,7,9400,949.68,1657915.38
P0530,1842,4,5,34,4.7,1.07,3,9,21700,586.71,1205242.83
P0531,1563,5,5,21,19.4,3.75,3,6,21000,533.53,982384.38
P0532,2603,6,5,16,33.6,4.46,4,9,10600,779.1,1225500.07
P0533,1949,5,5,8,4.7,1.97,4,10,19500,719.47,1277578.93
P0534,2296,5,5,21,17.9,0.75,4,3,18300,683.42,1324516.76
P0535,3827,6,5,19,26.6,4.5,4,7,7200,1018.48,1704661.46
P0536,827,3,4,7,8.2,4.21,1,1,11600,323.87,566123.23
P0537,2245,5,5,28,28.7,4.13,4,5,7300,722.01,1029669.32
P0538,3672,6,5,17,23.6,3.1,4,4,9400,957.7,1729002.96
P0539,2021,4,5,30,6.4,4.25,3,6,8200,665.99,1022540.56
P0540,1341,2,1,26,29.4,0.17,1,7,9100,474.62,584945.49
P0541,1380,2,1,11,35.3,4.93,2,8,21100,486.89,707948.02
P0542,2208,4,5,24,27.8,2.03,4,10,18700,751.06,1212627.31
P0543,3177,6,5,33,5.5,2.34,4,4,16700,853.65,1699735.61
P0544,2136,6,5,3,8.4,2.25,4,5,15300,641.13,1313447.23
P0545,1755,5,4,33,34.5,2.37,4,8,5800,664.16,807838.65
P0546,3401,6,5,25,16.6,2.31,4,8,18600,977.84,1823467.22
P0547,1377,3,2,16,13.3,3.28,3,3,21800,502.19,944936.52
P0548,3147,6,5,33,27.3,3.66,4,10,7500,904.33,1459645.28
P0549,2108,4,3,21,22.1,3.33,2,3,7200,543.33,939201.52
P0550,1817,5,5,18,24.4,0.68,3,4,3500,582.32,826789.26
P0551,1586,3,3,31,32.7,2.76,1,10,16100,504.27,746171.53
P0552,2229,5,4,0,10.4,2.78,4,9,8800,694.11,1219533.09
P0553,1157,2,3,22,2.8,4.28,2,10,18900,468.1,837336.99
P0554,2257,4,3,18,23.8,3.49,4,10,17800,724.0,1204495.89
P0555,2415,6,5,23,35.5,0.56,4,6,12900,776.45,1221876.93
P0556,4004,6,5,18,18.7,0.7,4,6,16900,1014.1,1968794.87
P0557,1409,4,3,3,5.5,3.68,4,9,5700,589.99,809337.99
P0558,3445,6,5,20,11.0,2.92,4,6,6800,933.53,1592076.47
P0559,2583,6,5,31,19.5,0.98,4,4,21600,721.99,1454688.42
P0560,2454,6,5,13,30.7,5.0,4,1,12000,668.69,1196575.38
P0561,3851,6,5,0,24.9,3.48,4,2,11300,927.21,1782852.97
P0562,1016,3,3,21,16.0,2.89,1,3,8400,326.93,512527.07
P0563,1934,6,5,30,30.6,3.26,4,3,19500,610.18,1104307.8
P0564,2444,6,5,3,32.0,1.57,4,6,17700,745.51,1285877.93
P0565,1403,4,5,21,30.7,4.45,3,2,7300,449.59,724160.13
P0566,3116,6,5,24,8.3,0.67,4,6,21600,816.04,1790224.28
P0567,2245,4,4,15,15.1,4.16,3,4,16900,627.33,1266381.26
P0568,3735,6,5,28,20.0,4.02,4,3,8300,922.31,1740826.47
P0569,2530,6,5,19,29.8,0.8,4,9,20800,842.67,1416850.02
P0570,2137,6,5,7,1.7,4.67,4,10,5700,717.99,1218608.33
P0571,4192,6,5,33,29.5,3.75,4,10,11400,1118.45,1905451.51
P0572,1723,4,5,20,29.7,3.39,3,3,7500,518.5,809192.64
P0573,612,2,3,32,5.2,2.76,2,6,10400,306.32,429897.11
P0574,1552,3,2,19,23.9,1.76,2,1,6800,404.26,656127.02
P0575,3316,6,5,24,3.5,2.19,4,10,18600,959.83,1830662.24
P0576,2006,5,5,12,27.5,3.39,4,2,15400,621.86,1036736.49
P0577,930,3,3,6,18.1,3.45,3,8,15500,431.57,674693.31
P0578,3076,6,5,25,8.2,4.59,4,6,15100,854.43,1684864.07
P0579,817,2,1,22,19.0,4.24,1,6,18900,351.53,493558.65
P0580,3475,6,5,35,25.2,3.98,4,8,13700,960.55,1643120.6
P0581,1527,5,4,35,7.3,2.46,3,6,8800,573.25,800300.35
P0582,2333,6,5,34,26.8,0.95,4,2,21700,681.36,1250370.13
P0583,2543,5,5,29,13.4,0.58,4,3,11300,769.33,1328309.66
P0584,3884,6,5,20,19.5,3.33,4,4,7000,1015.85,1790253.36
P0585,3642,6,5,9,25.6,2.32,4,7,19200,977.35,1892410.03
P0586,1846,4,5,19,35.0,4.69,4,6,5700,642.55,842470.64
P0587,3054,6,5,8,32.6,0.41,4,1,3500,812.06,1377179.1
P0588,4077,6,5,15,17.3,2.99,4,6,21700,1024.14,2080256.69
P0589,2112,5,5,13,25.7,2.43,3,9,13300,717.49,1109804.82
P0590,1731,5,4,8,1.9,3.28,3,8,20300,596.25,1234670.72
P0591,1106,2,1,26,32.9,4.48,2,10,14300,491.4,479037.25
P0592,3909,6,5,22,9.7,2.18,4,10,16200,1088.3,2032602.73
P0593,1519,5,5,17,16.5,2.78,4,1,4400,522.23,769055.62
P0594,2522,6,5,9,28.2,2.68,4,8,16700,737.78,1347518.05
P0595,4195,6,5,15,18.7,3.73,4,2,21000,1022.47,2119667.59
P0596,766,2,3,0,18.6,2.61,1,10,11900,374.98,513149.5
P0597,3819,6,5,10,2.8,4.62,4,5,17900,953.46,1998995.22
P0598,2896,6,5,18,31.0,3.16,4,8,5600,809.96,1280897.4
P0599,864,2,2,8,24.0,1.45,1,1,6300,302.9,448541.73
P0600,3249,6,5,11,11.0,3.53,4,3,17000,887.02,1701720.03
P0601,1954,4,3,9,32.1,3.79,3,7,9500,646.79,910934.17
P0602,2916,6,5,3,24.9,3.8,4,1,7700,763.28,1366722.18
P0603,2500,6,5,34,10.0,3.45,4,8,10200,740.51,1301676.44
P0604,3815,6,5,20,36.6,3.45,4,2,17100,954.44,1774146.4
P0605,4008,6,5,17,13.7,1.41,4,5,20200,1019.86,2039507.77
P0606,1540,5,5,12,20.5,3.42,3,6,17500,495.26,976742.28
P0607,584,1,1,26,5.1,0.61,0,6,9100,289.65,385233.16
P0608,3087,6,5,13,36.2,3.23,4,2,5700,845.3,1353167.82
P0609,1082,3,4,11,34.2,3.51,2,5,15400,430.81,632799.88
P0610,1682,4,5,20,10.9,3.93,3,1,13200,498.62,966956.25
P0611,796,2,2,11,17.6,2.51,0,10,13500,321.12,510017.72
P0612,3698,6,5,6,34.8,3.61,4,1,5300,864.68,1608666.25
P0613,3530,6,5,1,34.2,0.83,4,1,4400,893.86,1570478.77
P0614,2152,6,5,32,27.3,3.88,4,7,13800,735.76,1147880.77
P0615,3748,6,5,14,1.6,4.78,4,2,18000,932.17,2013063.42
P0616,1790,4,3,5,14.8,4.28,3,2,15200,567.25,1011360.73
P0617,1737,5,4,11,21.7,4.84,4,4,11100,610.25,959338.55
P0618,2021,5,4,28,28.3,0.79,3,1,21900,620.42,1090771.59
P0619,1526,4,4,4,30.4,3.25,3,9,15000,624.34,902346.36
P0620,1933,6,5,25,5.8,4.05,4,9,15200,729.95,1188256.01
P0621,4114,6,5,14,35.3,0.28,4,8,20200,1018.43,2077520.99
P0622,1544,5,5,8,2.0,3.2,4,2,15100,543.04,1022744.33
P0623,3971,6,5,6,5.7,3.02,4,4,5100,1023.23,1863388.0
P0624,3572,6,5,20,5.9,3.45,4,3,11700,942.6,1826914.82
P0625,3798,6,5,11,13.7,0.69,4,7,7800,1017.27,1830693.99
P0626,2933,6,5,6,30.4,3.2,4,3,3900,831.9,1304255.28
P0627,880,1,1,11,35.3,3.56,1,5,14100,362.75,412714.0
P0628,1069,2,1,17,20.6,2.12,0,10,21200,356.18,666128.35
P0629,1287,4,4,5,24.4,3.93,3,7,3600,516.43,665288.61
P0630,941,3,3,34,20.0,2.37,3,4,10500,367.69,594880.65
P0631,1011,1,2,30,19.7,0.88,0,1,20000,270.4,602762.34
P0632,3076,6,5,6,28.5,4.63,4,3,4200,818.19,1400503.66
P0633,1025,1,1,28,23.1,1.7,0,6,9300,374.4,432406.5
P0634,3571,6,5,24,34.0,0.46,4,8,4800,1007.83,1590783.92
P0635,1143,2,3,29,8.0,1.93,1,4,19600,364.6,761613.96
P0636,681,3,4,3,11.7,0.64,2,8,14200,345.7,658809.2
P0637,1957,4,4,10,30.3,3.23,4,3,18200,665.27,1063880.53
P0638,4060,6,5,13,23.1,4.2,4,1,14400,996.42,1918696.65
P0639,1560,3,3,27,22.7,4.47,3,3,18100,551.63,824511.78
P0640,2477,6,5,2,17.0,2.03,4,2,15000,699.39,1392021.42
P0641,890,3,2,26,36.2,0.75,2,4,20000,418.1,580131.86
P0642,1212,4,4,1,37.1,2.37,2,7,8200,491.15,608192.88
P0643,2067,6,5,0,32.9,0.45,4,6,17000,627.33,1167478.15
P0644,3058,6,5,13,30.3,0.5,4,1,16600,836.97,1559851.89
P0645,3313,6,5,7,15.5,2.38,4,6,12800,865.87,1699699.04
P0646,3455,6,5,21,10.2,0.66,4,10,21400,942.88,1920470.85
P0647,3601,6,5,22,34.3,2.57,4,5,4800,894.52,1529410.06
P0648,2707,5,5,34,26.3,2.71,4,8,19300,800.07,1433421.75
P0649,3307,6,5,12,34.1,2.34,4,7,8000,888.1,1534892.12
P0650,1680,3,4,9,19.6,4.39,3,1,11000,501.05,852767.25
P0651,3345,6,5,30,14.2,2.27,4,1,10900,813.01,1679369.21
P0652,3969,6,5,21,16.5,1.78,4,6,15900,1025.76,1995368.18
P0653,3404,6,5,28,18.2,2.88,4,3,10100,851.4,1594384.57
P0654,4013,6,5,22,11.9,4.79,4,3,21700,991.87,2082014.29
P0655,1296,2,3,9,7.4,0.67,1,10,6700,472.37,737508.82
P0656,3446,6,5,20,37.2,0.82,4,9,7600,961.64,1574082.89
P0657,1047,1,1,31,29.6,4.74,0,3,3600,361.48,229696.59
P0658,3201,6,5,30,34.2,4.85,4,3,17900,865.03,1501077.39
P0659,2360,6,5,7,28.2,4.51,4,9,6400,743.61,1088465.22
P0660,2376,6,5,20,3.5,3.24,4,9,9100,793.81,1358049.05
P0661,3692,6,5,1,4.6,4.26,4,2,16600,908.0,1915157.47
P0662,2645,5,5,23,16.0,3.61,4,6,13300,765.38,1367176.35
P0663,1715,4,4,19,37.2,4.38,2,4,14800,540.85,779544.81
P0664,1220,4,4,26,6.6,2.98,2,3,8800,395.92,724520.52
P0665,4103,6,5,4,35.6,2.99,4,2,3600,983.49,1794729.11
P0666,2826,6,5,8,8.8,4.18,4,9,16000,800.9,1571685.2
P0667,3934,6,5,19,19.5,3.73,4,1,3500,915.52,1721115.51
P0668,3157,6,5,18,16.7,2.51,4,4,4200,808.2,1524615.41
P0669,1685,4,3,23,22.7,2.87,3,8,21200,626.13,962601.4
P0670,621,1,1,3,6.8,2.36,1,3,12600,239.11,517513.59
P0671,1666,4,4,22,3.3,1.53,4,2,16600,523.26,1019053.86
P0672,3002,6,5,20,33.3,4.15,4,5,10400,848.9,1335434.83
P0673,3369,6,5,34,22.7,4.13,4,3,16700,850.56,1639851.5
P0674,1217,2,1,9,19.9,4.17,2,10,21100,532.2,751548.13
P0675,2703,6,5,35,27.1,4.03,4,8,5400,774.2,1203159.55
P0676,1976,5,5,23,6.6,2.27,4,9,12200,660.9,1168112.59
P0677,1797,3,4,7,9.6,4.3,1,4,11300,458.99,984134.58
P0678,3379,6,5,1,29.8,3.81,4,4,6200,839.5,1557989.21
P0679,3252,6,5,3,18.6,4.55,4,2,11200,856.12,1612359.03
P0680,3014,6,5,12,8.2,1.82,4,3,10600,853.4,1519391.26
P0681,1974,5,4,32,30.0,3.1,4,10,5200,665.23,870701.16
P0682,1438,4,3,18,7.8,3.79,2,2,8900,484.89,780375.09
P0683,4036,6,5,23,27.0,1.01,4,2,8100,1013.95,1858743.79
P0684,2656,5,5,7,29.3,1.64,4,2,16800,695.67,1377304.07
P0685,3672,6,5,18,21.8,0.3,4,8,6400,975.44,1679504.34
P0686,3364,6,5,35,16.4,4.93,4,4,5200,923.0,1518271.53
P0687,3836,6,5,23,8.0,4.99,4,2,13600,938.29,1880786.37
P0688,1137,3,3,6,28.6,4.47,1,2,12800,401.18,570768.3
P0689,1937,4,5,25,6.0,4.21,4,8,10600,701.14,1082467.81
P0690,3647,6,5,22,18.9,3.06,4,8,16500,960.35,1793926.91
P0691,3695,6,5,7,10.7,2.54,4,3,4200,891.06,1772985.6
P0692,3327,6,5,24,23.6,1.7,4,10,19400,908.49,1745340.64
P0693,863,3,4,31,30.4,1.09,3,8,16000,446.82,476313.58
P0694,2764,6,5,2,37.7,4.41,4,7,15000,792.98,1358548.91
P0695,2091,5,5,2,2.7,2.83,4,3,16000,635.45,1295548.83
P0696,3679,6,5,31,25.6,3.46,4,8,15600,994.45,1802151.87
P0697,1190,4,3,25,11.1,3.0,3,10,20800,514.48,898834.67
P0698,665,3,2,8,32.0,1.81,3,10,4100,461.22,314421.36
P0699,3110,6,5,6,17.1,4.96,4,6,4900,877.92,1482065.84
P0700,2977,6,5,4,33.2,0.66,4,1,17200,760.47,1578080.54
P0701,2437,6,5,32,34.4,1.41,4,8,18500,716.88,1247511.82
P0702,1870,5,4,31,5.2,3.41,4,8,16300,693.75,1172986.41
P0703,3283,6,5,19,14.8,2.24,4,2,17200,816.35,1709612.58
P0704,2899,6,5,5,27.7,2.93,4,6,10400,780.55,1460907.35
P0705,3831,6,5,27,9.2,4.0,4,5,16400,1009.99,1894933.47
P0706,1369,3,3,16,24.3,2.32,3,3,3900,490.2,619636.57
P0707,2664,5,5,31,9.3,4.81,4,8,10300,849.24,1299057.35
P0708,3700,6,5,3,20.6,1.88,4,4,7300,968.64,1759207.84
P0709,3685,6,5,26,13.1,4.17,4,4,14000,917.99,1807406.11
P0710,3363,6,5,25,10.2,0.83,4,4,11400,879.76,1722874.31
P0711,2843,6,5,2,8.9,1.44,4,5,10600,817.61,1579306.5
P0712,3509,6,5,3,32.9,0.51,4,5,5100,961.68,1665822.23
P0713,2217,5,5,5,16.0,4.22,3,4,6300,649.16,1095887.26
P0714,3270,6,5,16,19.6,0.54,4,2,11500,825.53,1625495.47
P0715,2943,6,5,15,35.6,1.17,4,3,8900,842.73,1331814.11
P0716,2964,6,5,34,15.2,4.75,4,9,14300,869.01,1514341.64
P0717,1559,4,3,23,18.8,1.9,3,1,20000,534.3,879418.58
P0718,3262,6,5,15,10.7,1.98,4,6,21000,851.37,1776175.0
P0719,4101,6,5,24,1.8,4.81,4,5,5800,1071.81,1943597.59
P0720,4070,6,5,20,33.6,3.86,4,1,10500,1011.24,1769874.91
P0721,3921,6,5,26,35.3,1.73,4,2,7600,979.63,1667163.73
P0722,3016,6,5,20,18.0,0.23,4,3,19600,803.22,1640837.36
P0723,3175,6,5,25,8.8,1.6,4,2,6300,791.28,1451085.57
P0724,3952,6,5,26,30.4,1.67,4,3,10100,944.71,1774004.04
P0725,2979,6,5,12,4.6,1.9,4,7,18100,822.67,1788259.04
P0726,3200,6,5,14,34.6,4.87,4,5,21400,901.18,1588889.33
P0727,753,2,3,27,23.4,0.83,1,3,18000,258.28,492818.06
P0728,2408,6,5,7,9.7,1.1,4,5,16100,711.65,1394876.94
P0729,2316,5,5,13,37.8,1.49,4,4,14200,662.92,1150472.34
P0730,1622,3,4,28,34.6,1.91,3,8,5600,533.99,668680.75
P0731,1095,3,4,25,26.6,3.6,3,7,18700,451.72,687101.87
P0732,1913,4,4,22,37.9,4.7,4,1,3600,561.71,730533.94
P0733,3088,6,5,25,26.0,0.75,4,1,18300,765.78,1592927.73
P0734,1939,5,4,5,13.1,2.7,3,5,6400,585.35,1063055.33
P0735,1073,3,3,23,35.3,1.49,2,10,10200,474.84,497854.48
P0736,3568,6,5,35,32.6,3.32,4,1,8300,849.1,1540327.68
P0737,1491,3,2,30,11.0,3.56,2,2,16100,406.46,788287.57
P0738,2537,6,5,7,32.4,4.35,4,6,5800,729.03,1210570.93
P0739,1713,3,2,32,31.5,2.86,3,10,8900,631.69,782520.58
P0740,2887,6,5,4,10.5,2.54,4,6,4100,800.09,1444976.54
P0741,3337,6,5,23,23.0,4.76,4,3,4200,824.77,1491728.04
P0742,2409,6,5,0,13.5,0.31,4,8,11800,804.36,1348136.88
P0743,3557,6,5,13,33.0,4.03,4,6,4900,966.64,1512167.05
P0744,929,2,2,11,10.3,3.88,1,2,4000,351.45,434741.47
P0745,1217,3,3,18,25.1,4.78,1,2,11100,367.14,518704.05
P0746,1820,5,5,8,14.6,0.57,4,9,8600,664.56,1087062.39
P0747,4176,6,5,17,22.1,2.17,4,6,19200,1022.32,2079184.56
P0748,2652,6,5,14,25.1,3.6,4,9,19600,830.08,1446965.15
P0749,893,2,2,27,4.4,4.03,1,3,6700,340.17,458603.11
P0750,2301,5,5,3,21.6,4.59,4,2,16500,660.67,1281818.19
P0751,937,2,3,16,14.5,2.97,2,1,6400,364.71,414491.14
P0752,4002,6,5,5,16.7,3.55,4,10,22000,1065.86,2144059.25
P0753,3295,6,5,16,14.0,4.6,4,4,8200,828.92,1614973.0
P0754,3308,6,5,34,2.2,2.04,4,3,20200,859.15,1805505.85
P0755,3383,6,5,31,12.6,4.08,4,6,21100,928.32,1775503.26
P0756,1789,3,2,8,2.0,0.65,1,4,4100,465.94,896062.73
P0757,3206,6,5,15,17.4,3.17,4,4,5700,835.17,1476105.8
P0758,639,1,1,9,28.5,2.28,0,8,4000,337.0,239529.02
P0759,2947,6,5,18,22.3,4.19,4,6,3700,792.73,1361604.45
P0760,2252,5,5,35,38.0,0.28,4,8,16600,740.46,1097513.49
P0761,3054,6,5,14,27.6,2.69,4,10,11500,905.05,1504652.69
P0762,4191,6,5,31,24.2,3.27,4,7,4000,1034.51,1873752.57
P0763,3524,6,5,22,17.5,2.59,4,6,18900,971.67,1819049.27
P0764,4167,6,5,24,36.5,4.18,4,6,15500,1082.04,1864179.77
P0765,4009,6,5,13,11.8,3.77,4,8,6800,1014.95,1937288.19
P0766,3800,6,5,19,10.1,2.83,4,6,10100,971.7,1902953.17
P0767,1199,2,3,2,30.9,1.75,0,10,9300,387.89,606192.06
P0768,1943,5,4,35,11.3,0.84,4,9,18900,704.69,1210208.83
P0769,3443,6,5,29,36.6,3.8,4,10,19100,997.96,1727866.0
P0770,721,3,2,10,24.5,4.37,2,3,10900,346.6,380570.4
P0771,3671,6,5,6,7.1,1.88,4,2,8600,908.69,1788203.18
P0772,1554,4,4,18,19.9,0.52,3,7,12700,571.66,926768.49
P0773,1555,3,4,26,30.2,0.78,2,7,13900,563.71,837180.51
P0774,3344,6,5,28,6.8,0.15,4,2,5600,839.75,1611025.61
P0775,2195,4,4,3,15.9,0.28,4,3,18200,616.88,1257384.51
P0776,3254,6,5,26,16.2,3.44,4,5,21900,899.99,1699625.49
P0777,1959,4,4,33,23.8,0.82,3,8,19900,614.13,1039892.95
P0778,3220,6,5,22,33.9,3.93,4,4,11200,816.03,1449727.24
P0779,2751,6,5,8,20.5,2.75,4,2,16500,754.36,1415362.7
P0780,1205,2,1,34,23.1,1.28,1,7,16400,386.94,625862.41
P0781,795,2,2,32,14.4,0.33,2,2,14900,306.9,508944.84
P0782,1517,5,5,34,32.3,1.25,4,5,20500,591.54,853360.6
P0783,3478,6,5,8,27.6,2.65,4,2,11800,881.69,1685337.58
P0784,2410,5,4,27,31.7,0.5,3,7,6800,710.43,1142430.97
P0785,2377,5,5,33,16.2,2.84,4,5,18400,717.74,1266561.34
P0786,2555,6,5,10,6.8,0.72,4,8,6800,832.7,1409351.44
P0787,2652,6,5,13,18.1,0.26,4,9,12900,857.53,1499518.59
P0788,1001,1,1,18,3.0,0.85,0,5,13000,310.51,684970.49
P0789,2540,5,4,9,30.1,2.17,4,5,9000,715.51,1209771.23
P0790,2792,6,5,2,16.7,2.91,4,8,12100,856.69,1496998.18
P0791,2496,6,5,8,29.3,2.57,4,8,20500,770.19,1424692.14
P0792,3826,6,5,26,15.6,4.51,4,9,4600,1072.49,1722797.77
P0793,4195,6,5,17,25.1,4.34,4,1,18100,1010.11,2016550.07
P0794,3192,6,5,35,4.6,4.78,4,10,4800,970.29,1503444.71
P0795,2687,5,5,32,34.2,0.69,4,3,3900,727.16,1147710.73
P0796,3986,6,5,5,31.0,3.07,4,10,4600,1066.63,1859886.73
P0797,645,2,2,11,16.6,4.31,1,7,10000,284.2,441144.31
P0798,1718,3,2,16,29.5,0.86,2,3,5000,516.69,715951.48
P0799,1882,3,2,3,12.4,0.58,1,7,11700,523.55,1109540.59
P0800,762,1,1,15,19.5,3.79,0,2,10300,207.22,331851.58
P0801,2453,6,5,4,19.2,2.1,4,1,10300,688.95,1271995.96
P0802,3675,6,5,8,12.6,2.09,4,9,8700,1027.79,1829615.84
P0803,1133,3,4,10,30.0,2.73,2,9,15000,426.12,706698.98
P0804,3092,6,5,10,1.5,4.67,4,5,18800,821.65,1669471.74
P0805,3335,6,5,13,22.9,2.6,4,3,17100,872.61,1689323.51
P0806,1053,2,3,35,38.0,4.4,0,10,16400,445.28,508145.62
P0807,1853,5,5,16,37.3,3.57,4,4,20400,659.84,994826.4
P0808,3005,6,5,8,25.1,0.11,4,1,3700,800.17,1428147.05
P0809,2242,6,5,31,29.3,2.74,4,2,17200,610.65,1180874.2
P0810,3303,6,5,24,31.7,1.85,4,1,6600,832.81,1407373.6
P0811,1340,3,2,14,28.6,3.82,3,6,8400,467.2,593546.71
P0812,3490,6,5,31,36.8,0.28,4,10,8800,928.91,1555039.37
P0813,3913,6,5,7,33.3,2.89,4,3,17600,939.72,1890002.7
P0814,3019,6,5,4,23.0,3.76,4,5,18000,868.97,1552820.22
P0815,4158,6,5,17,8.5,3.42,4,9,19200,1061.73,2132334.29
P0816,2299,6,5,3,32.7,1.68,4,5,6600,721.84,1101662.15
P0817,2461,6,5,33,29.2,4.43,4,1,10600,726.82,1093698.16
P0818,2155,4,4,5,33.6,4.06,4,4,21100,658.28,1159517.79
P0819,854,1,1,10,13.5,0.41,1,2,4200,300.72,427961.21
P0820,3115,6,5,15,5.4,1.27,4,1,12000,804.67,1602279.45
P0821,1519,3,4,28,29.4,3.16,3,2,5600,539.87,650821.73
P0822,4195,6,5,8,3.8,4.03,4,5,19100,1057.72,2191364.06
P0823,819,1,2,3,21.9,1.55,0,7,5900,333.15,346430.24
P0824,3775,6,5,0,18.0,2.37,4,10,19300,989.63,2055122.67
P0825,3216,6,5,29,20.4,2.98,4,2,3800,842.4,1482563.93
P0826,1343,4,3,32,10.9,2.16,4,10,14800,560.33,873611.14
P0827,1113,2,1,8,12.9,2.24,2,6,11400,440.71,636650.25
P0828,2473,6,5,21,12.1,4.85,4,10,20300,812.97,1441392.87
P0829,784,1,2,35,32.8,2.17,0,4,19800,319.97,413076.4
P0830,3285,6,5,29,23.4,1.72,4,10,12000,952.91,1576293.08
P0831,2264,5,4,6,18.1,3.97,3,8,9100,740.52,1131891.35
P0832,2460,6,5,15,19.0,3.86,4,7,8700,746.83,1206900.4
P0833,3933,6,5,0,4.2,0.25,4,3,10900,967.98,1986185.93
P0834,2024,4,3,12,8.7,0.95,3,3,12100,630.07,1070868.94
P0835,1557,3,2,1,7.9,1.38,1,1,20800,380.98,984939.36
P0836,1936,4,4,29,10.3,4.07,4,3,16900,662.19,1028894.17
P0837,3102,6,5,4,5.8,4.43,4,4,8400,839.62,1587664.14
P0838,2309,6,5,2,29.4,2.98,4,5,7300,688.39,1109104.15
P0839,768,3,3,8,32.6,4.85,2,4,5500,374.71,326950.9
P0840,1235,4,4,32,15.2,2.64,2,6,21700,441.69,795044.31
P0841,3394,6,5,31,18.8,2.95,4,10,20100,914.58,1778629.42
P0842,4085,6,5,13,12.7,4.45,4,3,13000,976.75,2016142.32
P0843,897,1,1,18,17.7,1.82,1,1,15400,299.69,495998.15
P0844,2321,6,5,31,13.1,1.97,4,8,9400,720.34,1252286.82
P0845,860,2,1,18,32.3,2.61,2,2,10500,381.46,376587.18
P0846,706,3,2,21,8.7,1.71,2,5,8300,367.64,475267.11
P0847,1114,4,5,34,34.8,0.14,3,5,12300,483.83,551389.31
P0848,2925,6,5,30,25.4,4.95,4,7,9300,813.19,1373615.77
P0849,3618,6,5,14,20.3,3.95,4,8,12200,1006.43,1763618.11
P0850,3704,6,5,13,17.5,4.28,4,6,7000,976.47,1761406.74
P0851,1075,3,4,0,19.7,3.33,2,6,9200,417.41,622849.02
P0852,3739,6,5,19,13.4,0.21,4,3,7400,986.74,1767702.38
P0853,1902,6,5,25,37.3,1.1,4,2,17100,585.0,969355.68
P0854,2399,6,5,5,7.8,3.41,4,1,21100,684.16,1472652.6
P0855,659,1,1,4,34.8,1.99,0,4,10900,272.58,303275.42
P0856,2673,5,4,20,32.9,2.11,3,2,6800,703.79,1166132.79
P0857,2508,6,5,24,36.4,4.34,4,4,11400,722.66,1141268.73
P0858,3022,6,5,12,19.8,3.46,4,4,3600,871.07,1361845.13
P0859,2375,5,5,15,20.7,4.56,4,8,15300,761.11,1272035.87
P0860,4158,6,5,19,15.8,4.13,4,7,9800,1030.4,1938156.53
P0861,3080,6,5,29,15.5,3.33,4,10,5900,893.76,1492584.55
P0862,4115,6,5,34,12.2,4.59,4,4,16100,1009.83,1988112.26
P0863,3670,6,5,23,4.3,0.62,4,7,15000,941.08,1942355.65
P0864,659,1,2,29,15.4,3.76,0,7,4400,243.69,270931.97
P0865,1019,3,2,20,26.0,2.37,2,2,5600,372.26,434515.45
P0866,1124,3,3,10,7.7,0.19,1,3,11000,325.74,810545.43
P0867,3586,6,5,4,26.0,0.15,4,3,14700,897.29,1805845.13
P0868,3314,6,5,28,26.9,4.2,4,2,13400,869.55,1558541.88
P0869,2368,5,5,0,3.3,1.95,3,4,13000,710.12,1390501.17
P0870,664,1,1,12,26.3,0.41,0,3,22000,212.22,498723.96
P0871,2252,6,5,20,13.3,3.17,4,4,17300,672.87,1273555.16
P0872,983,2,2,11,2.0,3.3,0,7,8900,346.82,625105.44
P0873,820,3,3,23,3.1,4.44,2,5,18800,367.56,728091.85
P0874,3791,6,5,16,36.5,3.04,4,7,20800,1038.84,1859777.28
P0875,3709,6,5,21,7.9,3.83,4,6,20500,967.83,1949443.91
P0876,2946,6,5,32,24.9,1.24,4,1,9400,724.4,1413009.75
P0877,3658,6,5,15,28.4,3.81,4,2,5000,876.2,1581029.75
P0878,2089,4,5,2,10.2,3.65,3,6,6900,620.83,1112888.12
P0879,3186,6,5,26,25.2,1.51,4,4,11900,835.75,1536467.83
P0880,3273,6,5,14,23.7,1.97,4,3,14800,868.12,1653367.29
P0881,814,2,1,12,3.4,4.96,0,3,5800,239.89,375839.08
P0882,1387,2,3,5,17.1,2.39,0,4,9700,380.06,704213.31
P0883,3031,6,5,18,22.5,4.84,4,5,15800,793.58,1564863.86
P0884,1237,3,3,27,19.9,3.7,1,8,4000,469.85,530506.26
P0885,2300,4,4,34,7.1,3.66,3,7,15300,673.58,1228508.99
P0886,2519,5,5,8,27.6,1.06,3,1,3800,696.59,1187164.66
P0887,3541,6,5,31,16.3,2.14,4,6,13300,938.34,1713884.52
P0888,2224,4,3,24,35.5,0.9,3,5,21900,640.18,1122007.19
P0889,3454,6,5,23,26.9,3.29,4,4,9700,897.49,1619304.31
P0890,3444,6,5,9,11.0,2.33,4,3,10000,860.66,1717908.25
P0891,2918,6,5,0,5.8,0.55,4,7,13600,859.85,1681190.75
P0892,1323,3,2,27,10.7,1.58,3,7,18500,497.94,853890.75
P0893,2235,6,5,6,24.7,3.91,4,3,10300,693.17,1178309.57
P0894,1811,3,2,31,1.6,0.44,3,7,16900,596.66,1077800.48
P0895,1731,5,5,10,7.9,1.01,3,4,15900,522.78,1157472.06
P0896,3885,6,5,12,3.7,1.0,4,5,13900,983.37,2020125.15
P0897,3107,6,5,10,4.4,0.52,4,5,5100,833.48,1561747.66
P0898,3305,6,5,3,11.2,4.78,4,10,4500,904.58,1603215.98
P0899,2689,5,5,33,37.5,3.83,4,8,12100,820.46,1185060.66
P0900,1955,5,4,23,25.8,1.95,3,6,11900,649.53,1041291.5
P0901,562,1,2,25,28.0,4.45,0,1,18900,165.45,233047.41
P0902,3627,6,5,28,24.1,3.33,4,9,14000,1006.88,1734351.86
P0903,562,2,2,1,24.6,4.38,2,6,20800,327.59,469376.76
P0904,3059,6,5,27,35.8,4.71,4,2,13300,784.01,1362772.09
P0905,1349,4,3,33,33.5,3.95,4,9,4300,543.61,543421.26
P0906,3306,6,5,10,34.2,4.78,4,9,9600,907.42,1499727.11
P0907,1248,4,5,5,5.3,4.97,2,3,11800,460.9,819756.65
P0908,1605,5,5,7,25.8,4.62,4,8,5800,644.45,790459.86
P0909,1913,4,5,4,25.0,1.95,4,7,20200,672.55,1100164.91
P0910,3861,6,5,16,5.7,0.53,4,6,18600,1040.7,2049483.83
P0911,3599,6,5,23,6.2,1.64,4,10,3500,978.9,1722591.58
P0912,2139,5,5,23,30.6,4.68,3,9,20400,698.18,1146962.17
P0913,1459,2,2,0,21.1,2.36,0,5,9100,412.6,679450.63
P0914,1147,4,5,2,23.4,1.61,4,2,10500,510.14,719556.14
P0915,3443,6,5,13,19.6,3.55,4,1,12000,827.01,1657961.96
P0916,3869,6,5,3,35.2,3.9,4,7,11100,1058.86,1727483.39
P0917,3250,6,5,35,15.8,2.17,4,6,13500,876.11,1589925.78
P0918,3402,6,5,35,15.9,0.74,4,1,21600,834.77,1778368.89
P0919,3231,6,5,8,17.6,2.46,4,4,9000,890.02,1615051.48
P0920,2033,6,5,6,26.3,4.94,4,7,14400,697.88,1167915.42
P0921,1239,2,1,22,37.1,0.98,0,2,16600,352.03,487929.18
P0922,3118,6,5,15,2.7,1.28,4,5,21100,860.86,1761230.1
P0923,1256,4,5,24,29.8,4.96,4,2,15300,516.57,662197.53
P0924,3225,6,5,0,5.9,0.5,4,9,9200,870.8,1718993.62
P0925,2896,6,5,17,26.8,0.56,4,3,13300,785.7,1431724.4
P0926,2890,6,5,20,3.8,4.55,4,3,13800,817.49,1518287.56
P0927,630,2,3,34,30.1,2.7,0,9,18400,315.3,416026.05
P0928,3636,6,5,7,8.1,3.04,4,1,17700,891.2,1879173.91
P0929,1837,3,2,8,22.5,3.3,1,9,10000,598.81,995711.01
P0930,2623,6,5,34,7.8,4.89,4,1,9800,694.2,1324549.89
P0931,2677,6,5,34,17.7,2.93,4,6,16800,824.94,1459055.83
P0932,2641,5,5,6,25.7,0.32,3,4,7100,698.35,1279918.62
P0933,3960,6,5,35,9.4,1.86,4,10,14300,1020.24,1984180.28
P0934,1218,3,3,5,36.0,3.41,3,3,17200,420.62,705697.52
P0935,3128,6,5,12,27.6,2.86,4,9,18900,867.44,1655743.13
P0936,3776,6,5,1,36.7,1.31,4,2,17100,894.68,1811432.32
P0937,2796,6,5,21,24.9,1.88,4,5,7200,830.17,1325088.51
P0938,2094,4,4,6,30.1,0.71,4,5,18500,699.05,1172020.27
P0939,2555,5,5,22,27.1,4.34,4,5,19000,709.81,1356520.16
P0940,3629,6,5,22,30.9,3.42,4,9,18700,1029.42,1800245.58
P0941,2199,5,5,8,11.0,3.46,4,3,20300,624.46,1296436.38
P0942,766,3,4,23,27.3,1.32,3,7,21500,412.66,647978.99
P0943,2347,6,5,32,12.0,4.77,4,4,11300,714.02,1233243.93
P0944,3706,6,5,5,4.3,1.28,4,3,18200,888.82,2036343.93
P0945,3595,6,5,31,31.0,0.15,4,9,6900,983.07,1500901.94
P0946,4187,6,5,7,16.3,3.12,4,1,21700,988.16,2144458.89
P0947,2738,6,5,15,37.8,3.34,4,10,4500,853.58,1260083.79
P0948,4162,6,5,11,4.2,4.21,4,6,4800,1043.43,1975272.63
P0949,2102,4,4,7,13.8,3.43,4,2,10900,612.28,1108341.97
P0950,3572,6,5,25,9.4,1.59,4,9,4400,1024.5,1736829.82
P0951,3080,6,5,22,1.7,2.36,4,6,6200,806.92,1584688.68
P0952,2002,4,3,27,19.5,0.52,4,3,14000,588.74,1036174.12
P0953,2546,5,4,16,9.8,2.04,4,6,14400,799.5,1374424.03
P0954,2346,6,5,10,6.6,3.76,4,6,21600,694.13,1462171.78
P0955,1326,3,2,8,15.9,3.75,1,3,20500,369.58,789530.14
P0956,1638,3,3,31,21.6,4.02,3,3,11800,550.95,784952.94
P0957,3746,6,5,24,6.3,4.79,4,3,7400,924.69,1833226.29
P0958,763,3,3,27,37.1,3.71,2,8,10900,371.56,345527.59
P0959,888,2,1,9,28.1,1.02,1,2,10200,358.27,433858.09
P0960,1362,3,4,6,27.1,2.56,1,4,18600,431.05,877318.5
P0961,1159,2,1,8,16.1,1.44,0,3,14400,286.39,692095.95
P0962,2107,5,5,19,27.1,4.9,3,6,14400,644.18,1142951.79
P0963,2638,6,5,3,12.6,1.42,4,6,21700,768.65,1594699.77
P0964,717,1,1,20,9.2,2.41,1,2,14500,246.54,484484.91
P0965,2562,6,5,19,5.6,3.38,4,9,6800,782.28,1349511.01
P0966,3739,6,5,23,10.2,1.45,4,7,5700,1025.74,1758932.23
P0967,1084,4,5,7,3.0,4.84,4,4,8400,493.59,749265.06
P0968,2788,6,5,19,28.0,4.95,4,9,21900,805.21,1492355.87
P0969,1073,2,2,35,27.5,4.47,2,6,12800,419.99,465256.19
P0970,827,2,2,33,35.5,2.57,0,3,18800,252.27,330985.7
P0971,1078,3,2,3,30.5,3.5,3,7,16100,491.51,708512.15
P0972,1227,3,4,24,22.0,2.01,3,5,8700,444.27,562351.48
P0973,1205,4,3,0,33.6,3.97,3,9,21600,541.96,796227.74
P0974,1763,5,5,35,5.8,1.2,4,4,10900,549.25,1083134.17
P0975,1156,3,2,17,33.4,0.35,1,4,17100,342.7,604555.07
P0976,2061,5,4,35,11.1,0.75,4,5,11800,709.51,1074196.39
P0977,3113,6,5,14,28.2,1.47,4,1,17200,818.07,1633192.62
P0978,2939,6,5,24,36.0,1.36,4,10,17600,849.64,1422387.89
P0979,2361,5,5,17,8.9,3.19,4,3,14900,664.15,1314747.03
P0980,2512,5,5,11,18.3,4.1,3,4,18000,694.21,1335780.76
P0981,3537,6,5,18,2.3,0.9,4,7,21000,961.44,2004595.34
P0982,1554,4,5,25,5.2,2.68,4,1,18900,481.69,1027491.1
P0983,2122,4,3,0,29.4,3.26,2,3,9800,604.97,995525.99
P0984,3006,6,5,6,21.3,4.11,4,2,8600,759.0,1534862.53
P0985,3661,6,5,10,12.7,2.45,4,1,17400,920.18,1888931.7
P0986,3928,6,5,34,12.3,2.61,4,3,3500,1014.26,1747809.97
P0987,648,1,1,24,6.9,3.31,0,7,21000,329.06,554556.4
P0988,1244,2,1,6,36.4,1.48,0,10,12000,395.76,572578.67
P0989,897,1,2,9,8.0,2.7,1,3,20800,314.98,732881.11
P0990,3109,6,5,6,11.4,2.55,4,5,21700,879.49,1740762.16
P0991,3781,6,5,9,13.2,2.01,4,8,5200,967.9,1770643.14
P0992,1142,2,2,8,8.1,1.99,1,8,14300,424.69,780379.74
P0993,2245,6,5,21,6.5,4.73,4,7,14200,723.03,1247925.1
P0994,2746,6,5,5,22.7,2.17,4,4,21400,731.01,1542123.03
P0995,2031,4,3,1,14.7,2.42,2,2,5000,590.72,949196.15
P0996,3739,6,5,29,6.8,4.28,4,4,8800,983.8,1843546.45
P0997,778,3,2,7,36.6,3.55,2,1,21300,358.53,465517.5
P0998,3264,6,5,30,32.1,4.37,4,3,12800,817.65,1524942.76
P0999,1553,3,2,26,7.0,0.99,3,3,17000,530.4,930395.87
P1000,1931,5,5,0,12.0,0.86,4,1,18900,614.69,1278220.47
P1001,2611,5,4,25,31.9,3.43,4,9,21700,840.93,1404033.41
P1002,3455,6,5,10,11.4,0.55,4,3,8900,877.94,1717913.18
P1003,779,1,1,11,31.5,4.88,1,2,21200,286.06,433190.63
P1004,3938,6,5,3,30.8,3.27,4,5,6200,959.28,1823428.15
P1005,2035,6,5,1,10.2,0.9,4,2,8900,630.01,1178973.06
P1006,2809,6,5,2,10.3,0.52,4,10,4600,861.99,1448747.64
P1007,3786,6,5,3,13.0,4.72,4,6,10700,1029.35,1846741.69
P1008,2150,6,5,8,27.1,0.58,4,9,6000,725.22,1100520.03
P1009,3724,6,5,24,18.9,4.36,4,5,7600,925.47,1640397.19
P1010,932,3,2,13,31.0,3.31,3,3,16300,400.39,553887.81
P1011,3534,6,5,33,35.5,1.77,4,6,10900,924.15,1609382.54
P1012,4198,6,5,24,10.2,4.99,4,2,7400,1016.33,1905225.51
P1013,2587,5,4,9,29.5,1.62,3,8,5900,752.14,1216314.08
P1014,829,2,3,23,14.4,0.45,2,8,10100,453.83,554409.28
P1015,1598,4,5,8,35.8,4.86,3,1,12800,530.54,721928.88
P1016,3337,6,5,23,20.2,3.16,4,6,5600,920.88,1578559.43
P1017,2622,6,5,2,24.2,3.25,4,4,21400,782.08,1556557.28
P1018,1740,4,3,25,32.7,1.19,3,2,12400,528.79,825067.2
P1019,3181,6,5,6,4.6,3.69,4,7,8600,876.73,1688968.99
P1020,3025,6,5,30,5.7,2.33,4,3,15500,775.05,1624995.07
P1021,1424,3,4,2,37.6,3.89,1,6,14500,501.18,727588.78
P1022,643,3,3,17,10.7,0.96,1,2,10500,255.25,491574.91
P1023,1771,5,5,26,20.7,3.38,4,3,4800,544.02,861264.65
P1024,3635,6,5,12,14.2,2.15,4,9,21100,1020.69,1954754.3
P1025,3403,6,5,24,31.5,2.85,4,4,5400,912.81,1465600.12
P1026,3270,6,5,20,2.0,4.49,4,8,11600,875.96,1701659.42
P1027,3310,6,5,33,27.9,4.94,4,8,19800,968.75,1660641.27
P1028,1318,3,4,34,29.8,3.04,1,6,8800,479.48,581366.4
P1029,3333,6,5,23,31.2,0.18,4,9,6600,957.87,1509653.38
P1030,2230,5,5,34,17.0,4.87,4,2,8000,651.28,1015913.78
P1031,2078,4,5,10,21.3,1.97,4,7,19700,666.36,1172500.44
P1032,4060,6,5,6,4.8,0.18,4,2,16200,1009.79,2085539.52
P1033,3105,6,5,28,19.9,4.05,4,5,14200,820.09,1542866.78
P1034,1018,1,1,7,14.3,3.99,0,7,20000,377.62,635203.08
P1035,3585,6,5,23,30.1,2.59,4,5,11300,969.15,1670197.0
P1036,1539,3,3,2,2.1,0.85,2,9,18800,526.77,1060976.26
P1037,1248,4,4,15,21.8,2.02,4,7,4800,568.77,633073.62
P1038,3156,6,5,11,16.2,1.66,4,7,9400,842.04,1589043.21
P1039,3831,6,5,7,24.5,3.94,4,5,17600,945.49,1906168.06
P1040,655,2,1,9,2.5,3.57,0,10,13200,280.43,554189.17
P1041,3557,6,5,22,8.3,3.3,4,5,8400,933.8,1739378.68
P1042,3769,6,5,3,11.5,4.68,4,1,19800,968.9,2041865.56
P1043,4100,6,5,29,35.3,0.7,4,5,10200,1067.46,1863213.2
P1044,2030,4,4,6,19.4,0.21,2,8,19500,579.03,1245375.95
P1045,3365,6,5,20,24.6,2.31,4,3,11100,822.71,1621130.37
P1046,3034,6,5,21,37.8,2.47,4,10,17400,846.62,1544884.3
P1047,2687,6,5,7,8.5,0.24,4,9,16600,847.76,1598904.13
P1048,1438,2,2,8,9.5,3.67,0,5,10500,407.0,803122.08
P1049,926,2,3,35,25.3,2.39,1,7,16600,420.31,544592.68
P1050,1360,4,5,17,36.6,0.6,4,5,7700,564.21,645917.37
P1051,3507,6,5,28,17.0,3.76,4,10,6200,991.99,1595682.83
P1052,2081,6,5,28,7.6,0.27,4,5,18500,655.56,1313980.1
P1053,3023,6,5,22,16.0,0.66,4,7,8200,843.91,1554260.81
P1054,2073,4,4,7,1.9,3.47,4,6,8900,671.68,1192039.62
P1055,3807,6,5,35,3.9,1.49,4,9,9000,983.55,1872859.43
P1056,4168,6,5,26,26.4,2.23,4,4,8500,983.21,1920606.18
P1057,2573,6,5,17,16.9,0.71,4,10,11800,822.26,1398136.97
P1058,623,2,3,0,34.8,1.49,1,1,17100,290.94,428611.68
P1059,710,2,3,1,4.0,0.57,1,5,10500,294.52,576129.52
P1060,3722,6,5,3,15.9,3.51,4,8,19900,1042.68,1997892.74
P1061,1047,2,3,6,2.6,0.33,0,3,6100,363.81,674925.13
P1062,1477,3,2,12,27.9,4.08,3,1,21100,509.66,788254.13
P1063,1613,3,2,3,36.1,0.47,2,10,13200,547.33,838934.0
P1064,2437,5,4,20,33.0,3.79,4,8,20600,726.9,1295065.29
P1065,2711,5,5,30,25.6,4.88,4,8,9200,773.16,1256316.27
P1066,1995,6,5,13,26.9,0.47,4,1,8900,552.41,968588.22
P1067,1435,3,3,12,19.3,1.77,3,9,16600,597.15,889010.45
P1068,2409,6,5,32,5.4,0.74,4,7,15000,784.41,1358013.32
P1069,2653,5,5,12,4.0,2.17,4,5,18200,782.38,1595899.81
P1070,3601,6,5,1,34.1,1.02,4,8,20400,977.27,1921677.49
P1071,1991,5,4,35,4.6,2.21,3,7,16300,630.46,1153290.31
P1072,2064,4,3,24,28.2,2.17,3,4,13800,582.18,1036897.89
P1073,1680,5,5,31,20.4,0.64,3,4,6300,517.36,842678.89
P1074,1640,3,2,34,5.2,1.21,3,7,13500,563.49,938418.1
P1075,1450,4,5,17,19.6,0.94,2,6,19800,471.8,904963.98
P1076,936,1,2,30,28.5,4.28,1,4,7800,322.99,293879.44
P1077,834,1,1,21,34.3,0.79,0,8,14400,319.53,415561.52
P1078,865,1,2,0,23.2,4.85,1,1,16000,330.02,531316.78
P1079,2485,5,4,1,22.2,4.95,3,9,16300,717.03,1349691.48
P1080,1797,5,5,28,19.4,1.82,4,5,20400,612.11,1107808.85
P1081,2042,5,4,22,12.5,1.74,4,10,15800,678.84,1182201.75
P1082,634,1,1,14,25.6,0.79,0,1,9700,223.88,240319.47
P1083,3400,6,5,13,28.7,1.05,4,2,10500,903.71,1578971.4
P1084,2390,6,5,16,34.7,1.81,4,7,18500,735.93,1212356.98
P1085,1681,4,3,2,22.7,3.54,4,2,14500,586.11,879368.21
P1086,1971,5,4,0,19.7,3.46,4,3,16800,667.45,1124738.28
P1087,3105,6,5,10,12.6,1.51,4,1,15100,755.0,1642027.97
P1088,767,2,2,0,17.2,3.34,0,1,9900,203.83,489371.05
P1089,4149,6,5,35,7.2,0.52,4,3,8500,1006.03,1999377.87
P1090,681,2,2,15,31.1,3.22,1,7,6000,370.88,254230.03
P1091,1787,5,5,11,22.1,3.43,4,10,7000,689.99,948441.55
P1092,2820,6,5,19,4.6,2.88,4,8,17400,801.94,1630329.94
P1093,3754,6,5,8,20.7,3.5,4,6,15400,963.14,1794382.52
P1094,2439,5,5,1,36.4,2.16,3,10,11200,782.68,1232297.58
P1095,2927,6,5,8,24.2,4.51,4,1,13500,731.45,1436573.51
P1096,3675,6,5,3,4.6,1.42,4,2,12000,924.93,1884248.22
P1097,3916,6,5,30,26.7,4.34,4,10,20700,1055.96,1924024.41
P1098,2664,5,5,31,6.5,4.49,4,3,11200,758.34,1300194.44
P1099,3495,6,5,12,5.7,0.1,4,2,16800,842.79,1905750.08
P1100,3960,6,5,25,3.5,0.7,4,8,8200,1070.83,2005709.5
P1101,3997,6,5,28,32.9,3.12,4,3,19700,937.63,1934922.46
P1102,1535,3,4,34,8.8,2.45,2,2,18500,459.6,962517.67
P1103,3284,6,5,24,27.0,0.63,4,7,7200,857.92,1484462.3
P1104,595,2,2,2,25.0,4.48,2,8,4500,403.91,298871.05
P1105,2002,4,4,29,11.6,4.91,3,9,16300,634.44,1146492.82
P1106,2651,5,4,9,14.3,3.62,4,8,21800,839.05,1507706.77
P1107,1123,3,4,19,35.2,0.43,3,8,13100,539.4,598410.2
P1108,3452,6,5,33,11.0,3.52,4,10,12400,979.81,1713096.61
P1109,3949,6,5,2,2.6,3.69,4,2,20500,925.44,2175352.0
P1110,3662,6,5,15,5.3,4.42,4,7,14200,1015.4,1882034.03
P1111,803,3,3,7,2.9,3.77,2,6,19000,389.67,749109.11
P1112,990,3,3,24,6.4,3.22,3,4,8500,396.45,597652.49
P1113,2342,6,5,14,8.8,0.89,4,4,5700,707.77,1206249.99
P1114,1383,2,1,0,14.6,2.1,2,2,12200,401.47,732244.92
P1115,3539,6,5,33,19.6,4.18,4,8,16300,948.23,1712563.63
P1116,1114,2,2,27,24.3,4.38,2,2,6700,412.76,404454.17
P1117,1771,3,2,31,9.9,3.05,2,1,9200,522.91,829698.2
P1118,2149,6,5,4,33.3,0.87,4,2,17100,648.36,1251748.9
P1119,4044,6,5,32,12.9,3.13,4,2,18400,979.02,2031083.98
P1120,672,1,1,26,11.0,1.74,0,3,8700,251.67,336854.7
P1121,3555,6,5,3,10.1,0.46,4,10,21400,1023.4,2031376.2
P1122,839,2,3,5,33.9,2.45,0,5,22000,255.19,540000.85
P1123,695,2,3,14,25.2,2.21,1,4,4000,341.22,355680.63
P1124,1353,4,5,24,26.4,3.72,4,8,4800,558.25,648286.29
P1125,2095,6,5,27,27.1,2.79,4,8,6500,742.81,1034612.84
P1126,1343,3,3,3,10.2,0.55,1,4,14000,439.49,858931.69
P1127,4188,6,5,2,37.7,0.17,4,4,4900,989.5,1867572.85
P1128,729,2,2,15,37.9,0.74,1,8,20300,314.46,495374.41
P1129,864,1,1,34,9.0,3.56,0,4,14800,314.83,546035.03
P1130,1748,5,4,33,34.1,1.66,4,9,6100,608.04,756698.81
P1131,2232,6,5,31,11.7,1.1,4,9,9400,720.25,1189921.88
P1132,3519,6,5,15,27.0,3.28,4,2,4000,887.31,1542542.16
P1133,688,2,2,24,12.5,4.83,0,5,19100,262.23,539939.65
P1134,2368,5,4,13,15.3,3.33,4,1,20400,648.75,1349078.62
P1135,2768,6,5,21,35.2,4.55,4,4,4200,760.33,1188512.28
P1136,2301,6,5,3,31.0,2.81,4,5,17100,700.53,1228285.44
P1137,2895,6,5,33,11.0,4.81,4,4,6800,839.87,1362909.4
P1138,1673,3,2,34,12.3,2.9,1,10,10500,532.31,891854.88
P1139,3250,6,5,0,6.0,2.89,4,5,8000,869.38,1690926.09
P1140,701,2,2,35,9.5,0.39,0,5,19100,281.32,550618.82
P1141,812,2,1,16,29.5,1.45,1,3,9300,320.19,390064.08
P1142,753,1,1,2,8.2,2.58,0,10,11600,299.74,574535.69
P1143,3488,6,5,16,37.1,0.18,4,9,21800,920.31,1793327.49
P1144,2626,6,5,32,4.3,1.1,4,6,20900,766.28,1573898.68
P1145,3179,6,5,9,2.4,3.07,4,6,13900,913.96,1681249.56
P1146,1754,5,4,10,14.9,1.53,3,10,4100,591.34,992863.61
P1147,1416,3,4,32,30.1,3.59,1,7,18400,417.14,738962.61
P1148,3209,6,5,14,22.1,4.99,4,9,14200,919.52,1580297.31
P1149,1046,3,2,30,25.6,2.65,2,5,8400,441.88,460918.43
P1150,1545,4,3,29,13.0,4.86,4,4,14800,579.38,889463.71
P1151,4155,6,5,5,14.3,2.58,4,8,18900,1046.93,2170420.5
P1152,3940,6,5,15,29.8,2.1,4,3,19000,951.23,1908162.35
P1153,1725,4,4,7,4.5,2.16,2,10,16100,603.76,1138580.27
P1154,4139,6,5,10,5.9,1.39,4,8,6000,1033.66,1954897.71
P1155,689,2,1,10,37.6,0.75,2,7,14300,353.46,348957.47
P1156,3466,6,5,21,34.3,4.5,4,10,19200,934.66,1730979.0
P1157,3508,6,5,22,36.2,4.56,4,8,14600,936.37,1613792.5
P1158,1301,4,5,32,4.6,4.49,4,10,12900,601.57,847562.31
P1159,2407,6,5,28,8.0,3.64,4,2,9400,666.99,1219576.41
P1160,2701,6,5,27,11.9,1.98,4,3,4500,783.58,1337474.8
P1161,3559,6,5,27,20.4,2.92,4,6,6000,927.35,1639881.67
P1162,2543,6,5,10,12.0,4.6,4,2,9400,728.38,1339577.43
P1163,1127,2,1,35,32.1,3.8,0,10,4500,458.85,293360.03
P1164,577,1,1,23,8.9,4.71,1,7,14800,314.95,399287.77
P1165,3953,6,5,7,27.6,4.6,4,8,14500,1036.87,1925158.96
P1166,1690,5,5,7,36.8,4.04,4,4,5400,564.91,771324.83
P1167,2626,6,5,29,24.5,2.61,4,6,4400,768.02,1248652.0
P1168,1850,3,4,2,36.1,3.17,1,3,18500,481.62,928957.56
P1169,1451,4,3,16,18.7,2.47,2,8,10700,480.36,788054.29
P1170,2664,6,5,13,1.6,0.43,4,10,8800,850.52,1490976.01
P1171,708,2,3,16,23.9,3.19,0,6,15800,292.49,526612.67
P1172,3993,6,5,31,19.4,3.19,4,6,17400,1018.84,1934965.18
P1173,945,1,1,18,16.8,2.29,0,7,6400,311.72,480953.14
P1174,1973,6,5,8,29.7,2.47,4,10,14000,723.86,1093381.88
P1175,668,2,2,32,9.4,4.27,1,1,17800,284.42,469272.27
P1176,2153,5,5,25,11.0,0.37,4,4,12100,679.17,1228067.84
P1177,736,2,2,26,9.6,4.39,2,4,19500,301.51,609690.65
P1178,1079,4,5,1,36.2,0.2,3,2,21500,396.55,752603.0
P1179,1994,6,5,3,20.4,1.87,4,3,17200,614.47,1196422.52
P1180,1211,3,3,26,9.4,3.69,1,1,4000,380.49,528589.84
P1181,2706,5,5,25,30.4,0.31,4,5,4100,750.08,1202018.33
P1182,1665,5,4,24,25.4,0.74,4,5,5600,547.35,780022.57
P1183,2616,6,5,26,2.2,3.74,4,10,7300,780.44,1353345.56
P1184,3955,6,5,20,17.0,3.74,4,5,15200,972.17,1924426.5
P1185,1632,5,5,30,15.2,2.2,3,7,17800,550.62,996281.7
P1186,2625,5,5,1,37.8,3.67,4,9,21700,771.33,1468371.08
P1187,1467,4,3,25,29.6,2.29,3,10,6200,593.34,639909.61
P1188,892,1,2,10,9.1,4.72,1,4,5600,297.69,503898.4
P1189,3075,6,5,14,3.7,2.52,4,5,12100,876.93,1703383.15
P1190,3002,6,5,17,26.7,3.8,4,9,16200,859.66,1545901.74
P1191,3220,6,5,29,27.4,2.62,4,2,6100,826.17,1436887.33
P1192,605,1,2,7,7.6,2.24,0,1,14300,210.42,481778.95
P1193,3114,6,5,8,28.8,2.78,4,1,11000,764.28,1544417.16
P1194,4155,6,5,33,13.3,4.46,4,3,7100,992.92,1877864.54
P1195,3355,6,5,23,20.5,1.33,4,4,11900,924.61,1629928.72
P1196,1104,2,3,30,1.9,2.14,0,8,5200,434.05,524991.95
P1197,572,1,2,12,8.8,0.56,0,6,5900,221.07,346023.41
P1198,1985,6,5,14,14.1,0.17,4,5,10700,679.38,1150141.42
P1199,4105,6,5,19,14.9,3.86,4,9,17300,1091.06,2083393.99
P1200,971,3,2,17,8.0,2.86,1,9,18500,422.26,777694.27
