batch_id,temperature_c,pressure_kpa,cycle_time_sec,material_humidity_pct,operator_experience_years,machine_age_years,shift_hours_into_day,vibration_mm_s,power_consumption_kwh,defect_flag
B00001,187.0,97.7,105.5,4.15,17.4,13.7,22.0,3.31,76.4,0
B00002,198.8,105.3,128.3,7.76,17.4,12.9,21.6,0.61,63.6,0
B00003,204.2,162.6,67.0,8.16,13.1,13.9,18.9,2.6,41.1,0
B00004,239.5,152.7,63.2,7.9,7.4,7.8,21.9,5.35,36.8,1
B00005,210.1,114.6,120.6,7.78,14.2,6.9,6.8,1.29,34.5,0
B00006,198.8,93.9,153.1,2.12,14.0,0.9,2.1,3.9,83.3,0
B00007,233.8,164.1,100.8,7.99,8.9,4.7,13.9,3.06,43.6,1
B00008,235.5,100.4,95.0,1.58,12.0,9.3,13.4,3.85,32.8,0
B00009,193.4,140.5,122.1,7.89,16.1,8.8,20.3,1.64,30.9,0
B00010,232.9,112.3,77.9,5.35,0.8,12.5,9.9,6.48,45.5,1
B00011,188.3,135.6,119.4,7.81,12.3,12.9,2.6,5.05,81.6,1
B00012,225.5,162.3,118.3,4.53,6.3,12.1,9.5,5.81,72.3,0
B00013,229.8,110.2,58.2,3.02,2.2,2.5,0.7,5.32,32.8,0
B00014,180.2,160.0,112.4,2.02,11.3,5.6,8.6,5.47,42.7,0
B00015,186.5,128.0,42.1,4.84,10.9,3.0,15.7,2.99,84.8,0
B00016,202.5,115.0,80.5,6.2,6.7,12.3,4.6,4.43,32.5,0
B00017,168.0,115.5,151.2,5.62,16.8,7.2,18.2,2.57,69.3,1
B00018,224.2,100.2,96.2,7.76,2.0,3.0,21.0,3.1,66.4,1
B00019,218.2,88.6,135.6,7.27,17.2,13.3,13.5,1.93,75.0,0
B00020,210.2,89.5,127.6,3.25,9.2,1.1,4.7,1.7,55.0,0
B00021,175.7,103.2,121.9,1.36,0.5,11.7,7.5,6.79,53.8,0
B00022,183.8,136.4,109.5,7.87,4.0,1.4,22.7,5.06,43.9,0
B00023,172.7,119.6,138.5,2.74,16.7,11.2,4.3,5.83,59.4,1
B00024,219.7,111.3,52.2,7.99,11.4,1.8,2.5,5.79,72.1,1
B00025,201.1,163.3,103.6,1.28,6.7,8.9,16.4,4.95,41.9,0
B00026,209.2,99.4,62.7,3.0,11.1,2.8,20.5,4.13,33.1,0
B00027,228.6,152.2,125.3,3.49,10.3,9.7,20.3,0.45,85.0,1
B00028,166.9,104.3,110.1,2.04,16.0,8.3,21.7,2.04,24.2,0
B00029,221.5,149.3,133.7,5.23,6.2,13.5,20.3,1.7,86.3,1
B00030,176.7,92.7,80.3,3.83,3.6,3.4,1.0,6.77,76.6,0
B00031,236.1,124.3,143.2,5.02,12.4,1.8,20.1,1.65,35.7,1
B00032,211.2,100.8,102.6,4.84,6.4,2.3,1.4,4.39,36.0,0
B00033,240.8,151.2,150.6,2.28,4.8,12.1,20.2,4.83,28.9,1
B00034,202.6,154.8,90.5,2.57,15.8,6.2,15.7,5.12,81.5,1
B00035,174.4,121.5,113.0,3.3,14.1,2.3,3.6,1.42,55.5,0
B00036,189.3,103.3,105.4,5.32,4.3,10.1,16.7,2.92,71.7,1
B00037,170.1,112.3,142.0,2.98,15.1,9.1,4.4,5.27,81.4,1
B00038,235.9,113.6,108.3,4.0,13.1,1.1,22.4,2.43,78.6,0
B00039,174.6,101.8,67.2,3.28,7.7,8.4,16.2,1.38,80.6,1
B00040,209.3,163.1,67.4,6.96,8.1,3.7,6.8,2.68,62.8,1
B00041,179.3,136.7,71.3,3.6,13.8,3.0,20.5,1.24,63.1,1
B00042,191.0,113.4,117.4,5.9,1.9,4.8,17.4,5.2,61.4,0
B00043,175.3,142.5,83.2,8.22,6.5,12.3,3.2,6.14,36.5,1
B00044,242.4,159.5,78.6,5.66,10.9,13.0,12.0,4.48,29.7,1
B00045,228.6,98.9,100.6,4.81,6.5,8.5,11.3,3.08,45.4,0
B00046,236.9,132.2,110.4,7.76,3.1,11.1,4.4,5.22,41.6,1
B00047,231.1,89.1,51.8,7.81,10.8,12.6,4.0,5.54,80.4,1
B00048,191.3,139.6,88.6,6.59,12.2,7.7,1.6,6.37,56.6,0
B00049,188.8,149.5,131.4,2.34,14.5,9.4,13.4,3.3,43.5,1
B00050,212.3,117.5,53.9,4.01,7.0,2.2,8.4,6.03,52.7,1
B00051,167.0,89.0,133.4,1.85,6.7,5.9,12.7,1.76,47.1,0
B00052,215.4,158.7,76.4,6.82,11.0,1.9,13.1,1.08,84.2,0
B00053,165.6,127.7,116.4,2.73,7.2,2.6,20.4,2.5,59.2,0
B00054,242.7,140.1,96.3,3.36,13.7,2.2,15.8,0.43,67.4,0
B00055,199.8,121.8,133.5,3.98,11.6,8.1,21.1,4.91,42.2,0
B00056,209.6,101.7,45.5,5.76,6.9,13.4,16.6,5.87,37.6,1
B00057,177.4,129.9,57.7,1.56,15.7,4.8,6.9,4.15,58.5,0
B00058,196.5,124.5,112.1,5.0,10.2,9.3,0.4,2.66,64.7,0
B00059,170.4,129.8,68.9,6.59,7.7,4.7,22.1,1.89,50.4,0
B00060,186.0,137.4,115.6,5.15,3.5,4.5,1.1,4.0,73.3,1
B00061,182.7,127.5,52.3,2.47,10.9,3.9,0.9,6.33,51.6,0
B00062,231.3,161.2,84.2,1.2,17.5,9.1,7.8,2.53,61.9,0
B00063,210.3,158.1,145.4,1.99,10.2,0.8,11.8,4.95,75.1,0
B00064,190.3,135.6,50.4,6.51,12.2,5.4,21.4,3.5,39.1,1
B00065,219.2,148.6,147.2,5.01,2.0,5.6,18.7,2.59,33.5,1
B00066,194.3,92.5,121.7,3.65,17.6,10.2,18.4,1.78,40.0,0
B00067,229.6,88.2,120.4,2.79,6.4,13.3,16.8,3.7,34.3,0
B00068,240.5,111.4,44.5,0.82,3.9,9.3,16.8,2.31,65.9,1
B00069,228.8,97.7,116.6,1.0,16.6,4.9,21.1,5.64,24.5,0
B00070,196.1,130.9,81.0,7.68,3.6,6.6,6.3,5.02,56.3,0
B00071,170.4,111.9,128.0,4.92,9.2,12.4,3.2,0.52,34.4,1
B00072,232.0,118.6,72.5,7.28,18.0,11.6,22.6,0.62,52.8,1
B00073,176.7,93.2,76.0,3.97,6.3,2.5,15.5,6.0,79.6,1
B00074,219.2,157.3,51.5,4.2,15.8,12.5,12.6,4.13,56.6,1
B00075,186.8,128.8,107.6,3.99,1.7,1.7,12.1,4.13,32.9,1
B00076,197.8,108.8,47.1,3.01,13.6,8.0,10.1,0.56,41.5,0
B00077,216.3,100.5,45.9,2.06,8.2,12.6,22.2,2.29,56.9,1
B00078,238.6,91.8,61.6,2.97,1.9,3.7,6.8,3.93,43.5,1
B00079,193.3,120.7,145.7,8.18,7.7,0.8,17.8,3.73,64.1,1
B00080,169.2,91.9,120.5,2.94,16.3,3.0,2.6,0.93,62.3,1
B00081,241.9,107.2,75.5,2.27,17.1,4.0,22.4,5.2,91.8,0
B00082,218.3,138.4,51.1,4.39,10.1,4.4,14.5,3.39,40.4,1
B00083,190.6,109.8,43.1,4.95,6.5,5.3,21.0,3.93,88.2,0
B00084,179.1,97.3,88.8,4.72,2.3,11.0,9.0,2.57,67.3,0
B00085,227.1,109.2,75.0,3.3,5.8,1.7,18.9,4.22,81.2,1
B00086,216.8,99.1,128.8,8.24,4.7,6.0,1.6,6.15,50.9,1
B00087,165.7,151.8,152.1,4.83,11.0,2.7,20.3,4.63,27.4,1
B00088,189.7,106.7,81.3,3.56,10.1,2.6,0.6,2.9,81.1,0
B00089,166.3,116.6,45.7,4.25,11.5,6.5,5.8,2.77,33.7,0
B00090,244.3,92.5,138.8,6.63,7.4,3.6,1.9,0.71,55.1,1
B00091,233.0,150.0,97.6,7.07,13.4,4.9,9.2,6.38,28.5,0
B00092,244.9,93.9,152.7,6.2,10.3,9.9,22.7,5.08,73.9,1
B00093,219.3,93.7,96.3,7.95,9.3,5.9,7.9,4.37,89.5,0
B00094,197.4,138.1,86.0,3.7,18.0,9.7,11.1,1.03,72.0,0
B00095,241.9,145.7,147.9,6.72,3.6,13.0,19.8,5.75,80.3,1
B00096,226.8,121.6,153.9,1.15,1.2,11.5,5.6,5.92,66.0,1
B00097,180.8,116.6,99.5,4.24,3.6,7.2,7.8,5.74,87.1,1
B00098,224.7,107.6,98.2,4.55,15.2,13.2,8.1,5.46,54.8,0
B00099,196.2,102.0,55.9,8.41,17.4,9.2,10.8,4.94,84.4,1
B00100,166.9,130.8,142.7,8.39,12.0,12.8,17.2,5.75,77.6,1
B00101,223.1,93.8,66.9,5.63,11.9,7.1,4.6,4.37,83.0,0
B00102,207.5,103.8,137.6,7.72,5.5,11.6,14.8,6.31,34.2,1
B00103,181.0,90.5,76.8,0.74,18.0,9.0,2.9,1.4,66.2,0
B00104,242.1,135.7,129.7,6.21,7.5,4.9,19.6,3.48,26.8,0
B00105,186.3,115.5,144.8,1.26,8.9,6.2,22.6,2.83,77.6,0
B00106,190.4,152.3,150.3,5.52,9.7,5.0,10.9,5.66,57.9,1
B00107,172.6,163.5,44.0,5.59,15.2,1.4,1.1,0.7,36.6,1
B00108,193.2,160.9,113.4,4.17,15.4,11.1,13.5,6.41,42.3,0
B00109,190.7,118.6,57.0,4.28,17.0,12.4,12.1,4.75,62.4,0
B00110,195.6,113.0,74.6,3.27,3.3,8.0,21.1,6.02,60.0,0
B00111,202.2,118.1,114.7,4.35,18.0,7.4,16.4,5.48,42.2,0
B00112,230.2,110.7,130.2,2.46,1.6,12.3,13.6,6.3,27.3,1
B00113,170.4,105.9,92.2,1.37,13.0,1.4,10.6,6.27,48.2,0
B00114,243.6,156.7,50.6,6.01,14.0,8.2,12.5,3.89,79.2,1
B00115,185.3,161.4,73.0,6.29,4.6,1.1,21.4,0.93,88.5,0
B00116,232.5,121.8,59.7,5.92,7.0,10.4,16.4,6.54,29.0,1
B00117,243.3,107.8,121.5,1.61,15.0,5.7,2.9,4.84,72.5,0
B00118,226.2,157.7,75.2,1.79,9.3,1.7,18.4,2.02,79.7,0
B00119,180.4,118.8,103.6,3.18,12.7,7.1,14.5,4.75,50.0,0
B00120,222.0,95.4,46.9,5.51,13.0,1.6,21.9,5.4,75.1,1
B00121,183.6,90.4,145.3,4.35,16.1,5.7,3.1,1.64,85.2,1
B00122,210.0,91.5,136.8,4.71,5.8,5.0,21.2,3.48,53.3,1
B00123,180.1,137.8,92.2,2.05,17.2,10.8,19.2,0.78,61.2,0
B00124,167.8,132.2,83.2,4.02,9.0,6.1,14.8,0.91,32.2,0
B00125,189.0,128.0,100.8,3.82,11.9,9.7,10.6,1.13,89.3,0
B00126,210.7,150.8,120.4,6.7,0.8,2.4,1.3,1.7,71.0,0
B00127,190.7,118.2,102.9,5.19,15.7,4.7,8.2,3.09,83.0,0
B00128,227.3,98.4,64.2,3.7,15.0,8.3,17.4,1.49,25.6,0
B00129,179.5,97.2,55.1,6.97,6.7,10.0,12.4,1.4,59.2,1
B00130,186.8,95.5,98.3,7.53,16.0,9.2,21.6,6.37,88.7,0
B00131,191.3,147.3,92.9,3.44,13.7,6.8,14.0,0.46,79.6,0
B00132,214.3,126.7,50.9,1.03,4.5,4.9,11.6,1.05,65.4,1
B00133,174.7,115.1,123.3,2.27,0.6,5.0,11.8,5.52,72.7,0
B00134,239.5,153.4,48.5,7.03,11.5,13.7,8.0,5.29,41.3,1
B00135,167.4,93.8,153.5,1.74,4.1,5.3,6.4,0.65,33.9,1
B00136,204.7,88.9,128.8,3.87,9.3,11.5,21.3,1.46,48.9,1
B00137,237.0,92.9,138.2,6.49,7.0,2.4,4.6,4.63,26.5,1
B00138,220.0,117.2,118.8,6.95,6.5,1.7,6.3,3.17,27.3,0
B00139,217.0,139.5,150.3,3.56,11.2,0.7,2.9,2.29,60.0,0
B00140,232.7,113.9,143.5,5.65,10.2,4.0,14.0,6.79,60.4,0
B00141,205.3,136.5,153.1,2.29,3.0,6.6,8.9,4.61,91.6,0
B00142,213.9,128.4,95.7,0.86,13.6,10.5,1.3,1.23,30.5,0
B00143,213.3,158.4,118.4,7.53,9.8,11.9,2.3,3.47,79.5,0
B00144,199.3,129.3,141.3,2.69,3.2,2.4,17.0,3.18,54.5,0
B00145,183.1,103.7,125.6,2.51,4.1,4.8,18.1,5.2,67.2,1
B00146,231.5,104.8,145.3,6.83,2.8,1.9,10.0,4.66,50.0,1
B00147,192.7,147.7,74.6,4.07,9.0,7.0,21.6,4.38,26.1,1
B00148,202.7,142.6,67.0,4.88,8.1,9.5,12.1,4.14,91.3,1
B00149,216.7,156.1,136.8,6.97,15.3,13.8,16.0,0.6,44.2,0
B00150,197.9,154.4,154.3,7.68,12.6,13.8,19.9,5.59,77.7,1
B00151,184.8,142.3,65.1,0.81,0.7,6.3,8.4,3.56,70.5,1
B00152,198.1,159.8,91.5,1.86,2.5,0.6,8.9,4.35,88.4,0
B00153,166.0,130.0,74.1,5.89,11.9,8.0,13.7,0.49,75.2,0
B00154,202.5,132.7,106.2,5.3,13.7,1.0,8.5,1.37,60.0,0
B00155,233.8,107.0,138.3,1.19,6.4,4.2,4.2,5.1,77.8,0
B00156,211.7,114.8,120.8,6.55,15.4,8.3,18.1,4.45,73.3,0
B00157,196.0,118.8,141.5,5.34,5.6,0.7,7.7,3.91,78.2,1
B00158,244.1,164.4,107.6,3.65,15.4,13.9,10.6,6.26,63.7,1
B00159,206.2,153.5,146.8,5.39,13.6,2.3,8.6,1.78,25.3,0
B00160,227.0,164.0,128.3,3.74,11.5,1.6,21.0,5.06,34.9,1
B00161,242.2,88.1,88.0,7.75,2.4,11.6,23.4,5.73,24.5,1
B00162,225.3,129.8,106.6,8.22,2.2,9.7,11.2,2.9,73.7,1
B00163,218.5,114.9,136.3,4.25,0.8,7.6,5.0,2.94,80.6,0
B00164,199.2,108.0,54.3,5.95,12.3,9.2,6.9,0.43,62.2,0
B00165,241.0,126.7,122.3,1.77,4.6,4.8,5.1,4.09,27.6,0
B00166,182.7,136.9,110.8,1.92,5.6,7.5,16.4,4.23,67.0,0
B00167,223.9,140.9,95.3,4.02,16.6,10.8,14.3,3.67,31.8,0
B00168,243.4,97.9,105.2,5.21,7.4,2.9,3.4,3.47,39.0,0
B00169,237.0,109.2,136.0,0.75,11.1,7.8,6.8,6.25,81.1,0
B00170,201.1,137.0,80.3,4.62,13.9,7.5,5.7,4.68,51.2,0
B00171,237.2,94.2,55.6,3.57,9.1,5.2,3.2,5.99,45.6,1
B00172,215.4,150.2,86.5,2.27,3.3,6.6,21.7,3.06,68.5,0
B00173,165.6,157.6,55.2,3.75,8.2,2.3,2.9,5.77,77.9,1
B00174,223.9,109.2,53.9,4.62,6.9,9.8,1.3,3.14,87.2,0
B00175,238.1,109.2,103.0,8.46,10.4,6.8,21.4,1.74,31.0,0
B00176,206.7,153.0,119.2,4.39,16.8,6.9,21.9,4.55,47.1,0
B00177,195.3,118.5,68.3,6.27,5.7,7.7,13.6,5.77,75.2,0
B00178,222.1,107.4,72.7,4.88,14.5,10.9,20.1,2.02,37.8,0
B00179,198.1,114.0,130.6,6.35,11.8,1.5,23.2,2.89,62.7,0
B00180,215.0,157.8,79.5,5.14,1.6,2.5,12.0,2.55,25.2,0
B00181,219.4,119.3,111.3,4.84,1.1,12.9,14.6,1.48,59.4,1
B00182,165.4,161.2,102.7,1.16,7.9,13.7,15.4,1.88,52.8,0
B00183,198.7,130.6,55.8,6.29,13.5,5.6,22.5,1.39,29.5,0
B00184,235.0,139.3,132.2,3.06,3.6,8.8,10.5,5.19,70.8,1
B00185,209.6,158.3,61.7,1.97,5.0,3.4,12.1,4.74,27.5,1
B00186,180.9,92.6,62.5,4.7,16.1,3.7,19.0,6.37,45.7,1
B00187,186.5,106.0,104.5,4.88,8.4,3.1,17.7,3.6,62.3,0
B00188,242.2,154.3,101.7,3.15,5.7,7.3,3.1,4.69,84.7,0
B00189,215.5,136.9,129.7,8.23,1.5,6.1,23.0,5.86,36.2,1
B00190,190.5,144.3,111.4,3.64,4.9,5.5,11.9,4.28,35.2,0
B00191,206.7,122.4,47.5,7.52,10.2,9.1,12.1,3.67,61.8,1
B00192,233.0,125.0,146.4,2.5,6.5,5.0,17.4,5.99,64.5,0
B00193,181.8,97.8,79.2,3.69,6.0,11.1,5.5,3.89,25.7,0
B00194,168.9,134.7,102.0,2.52,9.1,8.7,10.5,6.57,33.9,0
B00195,196.7,156.0,120.9,8.14,16.5,3.7,15.2,5.89,31.2,0
B00196,180.8,138.3,146.1,5.97,13.4,2.0,16.7,2.69,34.6,0
B00197,173.2,161.2,98.2,6.3,7.3,10.9,19.8,0.72,51.9,0
B00198,217.5,115.9,115.0,6.94,12.1,4.5,3.0,1.68,39.8,1
B00199,181.3,146.5,61.6,7.43,7.8,2.0,13.3,0.88,35.3,0
B00200,186.4,112.7,76.0,5.33,11.6,7.7,19.6,0.71,53.6,0
B00201,185.2,102.7,124.2,2.67,11.0,3.1,8.2,5.23,85.6,0
B00202,195.0,115.7,67.5,6.93,5.0,7.3,23.4,4.75,82.6,0
B00203,201.4,160.3,44.9,8.17,5.5,13.4,21.1,4.47,87.7,1
B00204,226.8,142.2,115.0,3.6,14.1,12.1,10.7,4.27,73.8,0
B00205,226.8,101.2,46.4,6.12,17.3,6.2,14.4,3.89,80.8,1
B00206,192.6,139.5,57.7,8.19,12.1,4.4,20.5,5.33,76.9,0
B00207,193.1,91.0,72.4,6.4,11.8,9.9,9.8,2.1,31.4,1
B00208,193.7,100.2,88.6,5.73,5.2,3.0,7.5,6.31,26.7,0
B00209,197.3,147.1,92.7,7.6,15.4,11.9,18.9,6.21,39.8,1
B00210,177.2,102.0,140.3,6.32,10.6,4.3,19.6,5.23,26.2,0
B00211,216.5,121.5,53.7,2.39,1.0,7.0,9.3,6.32,36.2,0
B00212,200.9,104.6,50.6,8.26,16.3,12.6,17.2,3.32,65.9,1
B00213,210.8,97.3,71.7,2.89,10.2,12.2,12.3,6.25,41.6,0
B00214,178.7,93.0,59.5,6.6,11.4,11.9,10.9,5.95,55.9,1
B00215,210.6,129.6,42.6,2.53,8.7,8.8,16.8,4.94,52.6,0
B00216,242.7,160.3,150.8,8.35,10.5,5.1,4.8,1.72,71.4,1
B00217,230.3,118.7,52.5,7.75,12.7,10.6,4.6,6.65,42.2,0
B00218,166.5,147.6,78.0,2.88,16.1,10.1,6.1,5.33,70.2,0
B00219,178.6,156.3,152.5,7.04,10.5,7.6,5.9,5.28,81.4,1
B00220,176.3,100.1,154.8,4.73,1.6,3.4,20.3,4.15,43.7,1
B00221,168.5,149.8,142.4,5.22,11.0,3.8,13.6,1.93,72.4,1
B00222,242.5,135.1,55.5,7.5,3.4,13.5,9.2,4.61,61.4,1
B00223,216.7,151.5,75.8,4.1,2.1,9.5,2.5,5.8,24.5,1
B00224,234.9,153.7,83.0,2.63,15.1,2.5,2.1,4.75,39.5,1
B00225,165.3,125.6,136.9,1.47,3.0,1.9,12.4,3.56,49.2,1
B00226,220.1,106.8,124.7,2.9,17.1,8.1,18.4,5.33,89.5,0
B00227,193.7,125.6,64.4,4.55,3.5,9.5,16.7,4.45,29.2,1
B00228,235.7,148.8,147.8,7.12,17.0,6.7,16.8,6.21,27.8,1
B00229,244.1,118.4,141.0,8.27,7.6,5.7,9.4,5.25,30.9,1
B00230,238.8,125.6,99.5,5.52,9.1,6.7,21.3,1.27,89.9,0
B00231,231.1,149.6,97.5,4.41,7.2,0.9,23.1,5.01,62.8,1
B00232,239.5,121.1,144.2,3.4,17.2,10.1,9.7,2.0,38.2,0
B00233,168.6,118.9,101.4,3.64,4.1,10.4,20.0,2.25,40.5,0
B00234,206.9,154.9,122.6,6.77,8.4,3.4,19.1,2.14,58.5,0
B00235,194.1,113.7,87.8,4.54,12.8,5.0,11.2,6.3,69.1,0
B00236,238.8,139.2,93.7,6.21,13.8,11.7,14.2,6.72,37.5,1
B00237,210.4,103.7,85.1,2.75,7.0,8.0,21.7,1.88,49.5,0
B00238,177.0,147.4,72.7,5.68,10.2,1.8,2.7,2.96,65.7,1
B00239,173.8,145.4,126.2,5.01,7.0,14.0,0.2,4.02,39.0,1
B00240,231.7,136.2,84.7,5.5,5.2,5.1,7.6,6.04,81.7,0
B00241,204.3,152.6,93.2,5.34,10.0,5.1,3.9,3.62,49.6,0
B00242,168.7,150.1,96.7,2.37,11.9,6.6,7.5,6.21,90.7,1
B00243,176.0,93.0,68.5,5.03,14.7,1.6,23.5,5.37,78.8,1
B00244,198.0,132.4,84.5,2.13,2.6,12.6,5.6,3.31,65.2,0
B00245,232.0,148.6,85.6,1.51,16.6,10.2,10.9,0.94,83.3,1
B00246,231.2,97.1,120.4,7.01,1.6,9.0,21.5,2.52,74.2,1
B00247,221.9,139.5,134.3,4.65,12.8,13.9,9.8,2.6,35.8,0
B00248,170.0,131.9,89.9,5.1,8.6,13.9,0.4,4.88,35.3,0
B00249,205.4,94.6,150.8,6.96,12.5,6.8,22.0,6.11,67.1,0
B00250,240.8,129.5,121.2,5.96,6.9,9.9,14.0,5.86,83.8,0
B00251,167.0,117.8,109.9,3.1,15.9,6.0,7.2,4.98,75.7,0
B00252,230.6,105.5,94.6,7.81,4.1,3.8,20.5,4.91,26.0,1
B00253,232.7,104.5,151.6,0.72,14.5,8.1,16.5,3.61,83.1,0
B00254,192.6,95.4,115.0,4.22,10.2,2.8,16.6,5.39,91.9,0
B00255,203.0,103.7,92.1,4.89,16.1,7.3,21.1,0.8,76.0,0
B00256,211.5,103.5,46.9,3.04,7.6,4.0,6.2,1.9,37.8,0
B00257,203.9,129.0,55.8,7.24,5.0,6.7,20.1,6.35,65.5,1
B00258,236.5,132.2,123.4,1.24,3.9,11.8,1.7,1.2,67.2,1
B00259,192.1,115.8,123.9,6.87,7.7,0.8,1.8,2.57,37.9,0
B00260,198.2,156.6,48.4,3.14,5.9,2.4,6.2,6.75,44.1,0
B00261,196.4,105.5,145.2,5.15,8.5,3.7,9.9,2.76,73.6,0
B00262,244.9,119.0,95.2,3.91,4.4,3.5,17.8,5.67,40.3,1
B00263,224.3,125.3,148.6,7.77,1.9,9.4,10.2,1.3,62.8,1
B00264,173.2,156.6,86.6,6.52,3.9,1.5,1.7,2.4,29.0,0
B00265,211.6,148.6,104.1,5.54,7.0,1.6,9.6,5.58,91.9,0
B00266,210.5,163.4,125.6,1.45,14.1,2.3,2.3,5.9,34.6,0
B00267,223.6,153.0,105.8,2.18,6.0,6.9,10.9,1.5,46.7,1
B00268,220.1,130.3,47.4,1.23,3.7,6.3,8.4,6.51,66.4,0
B00269,209.7,133.0,148.7,4.99,14.1,4.9,8.3,3.05,29.6,0
B00270,200.4,108.7,47.6,1.58,12.6,13.1,14.6,2.14,48.2,0
B00271,234.2,132.3,111.8,3.65,11.8,13.9,22.9,5.47,84.3,0
B00272,214.8,124.8,87.2,8.0,15.4,12.6,20.8,1.77,29.5,0
B00273,206.2,95.9,64.8,1.27,3.5,12.4,5.4,6.01,62.0,0
B00274,179.9,127.4,94.9,3.74,5.5,4.2,22.5,4.38,58.7,0
B00275,231.3,128.5,66.0,6.58,11.0,8.2,17.8,2.27,24.3,1
B00276,195.8,140.3,69.5,5.3,14.1,8.8,15.5,1.23,32.4,0
B00277,241.9,115.3,54.8,2.04,13.7,7.6,16.9,1.44,89.4,1
B00278,220.2,120.0,42.5,3.95,9.5,5.0,10.3,4.95,68.0,0
B00279,209.0,161.4,80.3,3.14,5.7,5.5,17.0,6.36,27.4,0
B00280,205.3,128.2,52.6,3.44,3.4,5.2,14.1,0.71,37.6,0
B00281,182.3,107.1,94.6,3.4,3.1,10.7,12.6,6.16,84.4,0
B00282,172.7,95.6,75.8,5.67,17.5,12.7,17.2,3.31,66.1,0
B00283,190.0,88.3,72.2,2.65,3.8,2.2,2.0,2.97,31.5,0
B00284,169.3,117.5,54.0,3.49,3.8,4.3,13.2,3.29,74.3,1
B00285,222.4,146.9,107.5,2.13,15.0,2.3,13.6,1.43,41.7,0
B00286,207.2,92.8,86.7,2.44,5.9,10.3,8.5,3.74,81.8,0
B00287,167.7,108.8,90.7,3.15,12.7,11.5,15.0,1.89,50.8,0
B00288,206.7,152.4,43.8,1.37,13.7,6.7,17.1,4.99,78.7,1
B00289,166.9,164.7,46.1,2.81,7.4,4.4,4.8,1.1,85.2,0
B00290,209.8,123.9,95.6,5.96,2.2,5.2,19.5,1.15,83.1,0
B00291,225.1,148.4,87.5,5.46,12.7,2.0,6.1,1.36,41.8,0
B00292,229.6,164.1,103.8,3.11,9.9,0.6,2.0,3.32,24.6,0
B00293,197.8,108.4,139.0,3.82,16.2,10.2,4.1,1.41,61.0,0
B00294,189.1,134.5,44.9,3.47,5.5,7.5,17.1,4.35,35.2,0
B00295,199.8,152.8,104.1,5.51,11.3,7.9,19.2,5.12,51.5,0
B00296,175.8,98.2,123.5,6.55,13.9,3.8,7.3,1.62,26.1,0
B00297,218.8,98.8,129.9,7.19,9.9,5.2,15.9,1.06,52.8,0
B00298,231.0,131.6,137.7,2.04,1.4,5.3,10.6,6.08,52.4,1
B00299,167.8,138.3,104.8,2.91,15.0,6.9,3.8,6.37,67.6,0
B00300,234.1,115.3,143.2,2.73,1.6,13.7,9.9,1.3,70.0,0
B00301,222.3,142.7,126.0,4.59,14.2,1.1,15.1,5.95,57.5,0
B00302,178.4,159.1,69.8,3.27,7.8,9.8,8.9,5.56,60.7,1
B00303,203.3,90.7,102.8,5.31,7.0,11.1,20.4,5.92,71.2,1
B00304,207.0,116.6,129.5,5.32,12.3,11.2,8.1,5.65,52.3,0
B00305,184.5,143.6,150.4,4.33,3.6,11.9,7.9,5.55,36.1,1
B00306,191.1,156.7,112.8,3.74,11.9,0.8,18.9,1.07,91.0,0
B00307,227.5,90.4,66.2,2.78,16.2,6.2,3.2,3.77,70.2,0
B00308,194.4,95.1,83.7,3.8,7.1,8.7,18.9,2.78,56.6,0
B00309,193.8,143.4,82.2,6.79,2.6,13.4,0.3,2.36,31.1,0
B00310,203.5,141.3,62.8,2.94,15.1,12.0,17.7,2.83,43.3,0
B00311,181.9,155.6,81.9,7.1,1.0,5.5,16.8,5.45,84.9,1
B00312,187.6,142.4,136.0,0.86,12.3,7.0,17.2,2.92,55.3,0
B00313,223.6,146.0,130.1,2.95,6.5,6.3,1.3,2.02,25.4,0
B00314,168.9,96.6,130.2,3.18,8.1,1.6,4.6,1.24,83.9,0
B00315,203.6,162.7,74.2,4.99,4.1,9.8,10.0,1.14,82.0,0
B00316,212.3,88.4,101.9,4.53,12.0,7.2,19.1,6.39,75.3,0
B00317,222.8,105.2,66.6,7.19,1.5,2.0,0.0,5.89,40.5,1
B00318,210.3,155.2,46.0,5.51,10.2,9.7,20.6,2.37,70.5,1
B00319,242.0,126.2,92.9,7.87,6.5,11.0,6.9,1.4,83.8,0
B00320,210.2,92.3,109.0,7.34,9.3,4.2,19.2,3.7,87.4,1
B00321,217.2,104.4,76.3,7.94,11.2,4.0,5.1,3.55,83.4,0
B00322,180.9,158.5,113.8,1.69,3.0,4.2,17.5,6.61,31.6,1
B00323,228.8,92.3,81.8,3.11,9.7,1.3,3.1,0.5,77.6,0
B00324,223.8,103.4,146.7,1.76,8.1,12.4,6.6,3.26,31.6,0
B00325,188.5,90.1,67.2,4.32,12.8,9.4,19.1,1.94,45.4,0
B00326,180.6,100.0,65.3,2.36,17.3,12.6,13.7,5.52,91.6,0
B00327,196.0,117.2,133.6,6.75,14.1,3.5,17.1,0.69,29.5,1
B00328,235.9,104.7,153.2,6.8,4.0,3.5,10.7,5.91,41.2,0
B00329,219.8,119.6,43.2,7.44,2.6,11.2,15.4,3.66,29.8,1
B00330,202.2,149.1,121.5,1.24,2.9,11.3,0.1,4.82,83.8,0
B00331,192.7,136.2,99.4,6.9,8.6,10.8,13.3,3.69,83.3,0
B00332,242.8,159.4,52.5,7.89,6.2,12.4,1.8,0.8,56.0,1
B00333,175.5,100.6,141.2,8.35,3.2,6.9,2.7,5.57,65.8,1
B00334,182.9,96.6,45.8,8.25,11.6,5.3,1.7,0.63,34.4,0
B00335,193.9,110.5,116.9,7.75,0.6,8.4,17.0,0.88,39.9,0
B00336,221.4,103.8,101.3,5.25,15.5,13.9,12.2,6.53,88.3,1
B00337,165.4,134.5,150.7,0.89,6.8,12.1,15.0,3.89,31.4,1
B00338,189.1,103.1,48.5,5.96,11.4,10.0,23.0,0.95,52.2,0
B00339,170.2,152.3,148.6,3.48,16.2,4.3,21.5,4.67,84.0,1
B00340,185.0,93.9,54.3,6.87,3.9,13.9,18.2,3.56,90.8,1
B00341,168.4,92.7,109.6,4.15,11.8,8.7,16.7,1.8,91.7,0
B00342,180.5,162.1,110.9,2.94,11.6,8.9,19.3,2.98,43.3,0
B00343,232.7,99.7,124.2,1.14,13.2,12.7,13.4,6.66,77.4,0
B00344,177.1,109.8,99.7,6.84,5.8,6.0,15.1,5.54,61.8,1
B00345,220.4,91.7,100.6,4.71,17.7,7.8,2.2,1.12,74.6,0
B00346,195.8,133.6,137.5,2.95,15.5,9.0,12.3,5.8,81.6,0
B00347,231.2,130.2,53.6,6.47,3.3,1.1,20.4,2.62,65.8,0
B00348,236.0,88.1,129.3,5.68,15.7,4.3,14.7,2.98,85.2,1
B00349,213.2,117.2,131.5,8.24,6.0,6.8,1.8,3.3,75.2,0
B00350,235.9,102.8,44.3,3.13,2.5,4.8,14.3,0.8,71.8,0
B00351,181.2,93.0,131.2,1.16,5.0,3.5,22.1,3.82,78.6,0
B00352,237.9,143.8,85.2,5.58,8.6,10.9,0.9,5.31,42.0,0
B00353,172.1,124.9,85.5,3.62,7.8,10.8,1.8,3.5,49.4,0
B00354,226.8,104.8,126.5,2.69,4.7,1.3,5.1,6.29,79.8,0
B00355,239.8,131.7,88.3,5.58,1.9,3.0,2.4,1.86,62.2,1
B00356,177.9,97.5,108.1,2.17,14.7,9.0,18.7,4.88,83.4,0
B00357,183.6,103.4,45.5,6.46,17.5,10.3,6.7,2.95,28.7,0
B00358,212.8,133.2,150.5,1.25,0.9,2.2,11.0,0.58,67.3,0
B00359,239.6,96.3,88.7,6.55,17.8,8.9,6.2,6.58,34.1,1
B00360,234.1,101.0,116.0,4.96,9.3,4.5,15.2,5.09,54.4,0
B00361,208.8,102.8,79.3,7.02,3.1,0.8,11.5,3.03,69.2,0
B00362,172.9,141.4,53.5,1.09,3.1,2.9,17.7,3.44,54.3,1
B00363,203.8,111.5,69.7,2.81,9.3,6.8,13.7,1.07,81.7,0
B00364,224.3,94.0,103.8,3.11,3.4,13.2,2.2,2.88,88.5,1
B00365,240.9,120.1,76.0,3.23,6.5,9.2,18.8,3.13,41.7,0
B00366,198.3,119.2,101.2,2.91,7.7,13.0,5.1,2.8,28.2,0
B00367,204.9,150.6,130.6,7.14,17.1,11.3,16.4,6.34,89.2,0
B00368,187.0,116.9,95.1,8.17,2.5,5.5,9.7,6.16,72.7,1
B00369,227.6,107.2,67.0,1.25,7.5,4.7,16.5,1.23,50.7,0
B00370,190.4,122.0,101.0,4.36,14.9,2.6,2.8,4.45,55.0,0
B00371,170.1,155.3,138.8,4.1,16.6,5.5,4.8,0.86,28.1,0
B00372,225.4,104.4,71.4,7.41,7.1,2.8,15.2,5.74,77.6,0
B00373,176.7,137.7,100.0,0.77,8.5,8.5,15.2,6.56,86.7,0
B00374,177.5,116.1,127.8,3.09,9.3,2.5,10.1,4.99,48.7,0
B00375,204.4,125.3,81.8,7.97,9.8,5.5,12.5,4.69,25.8,1
B00376,215.3,150.8,134.3,8.47,2.6,6.0,12.1,6.77,46.0,0
B00377,243.6,126.1,124.7,2.52,15.7,6.8,6.1,2.5,84.4,0
B00378,239.9,137.9,105.6,7.37,5.3,1.7,6.2,4.76,60.7,0
B00379,178.0,142.1,116.8,8.47,11.8,6.9,7.6,6.63,82.1,1
B00380,173.8,141.4,118.4,7.23,5.7,3.3,4.3,5.65,43.5,1
B00381,204.2,131.9,109.5,6.24,18.0,6.1,5.6,3.93,75.6,0
B00382,214.2,152.6,92.3,2.01,3.3,0.7,7.5,0.67,31.9,0
B00383,207.6,95.3,130.8,3.54,15.7,8.5,20.5,4.08,81.9,0
B00384,167.5,149.5,61.6,2.74,7.5,6.2,15.7,0.42,32.7,0
B00385,200.2,117.2,88.8,2.61,10.6,9.0,23.4,2.3,90.7,0
B00386,170.0,146.7,119.5,2.55,17.7,12.7,11.1,3.69,52.6,0
B00387,195.1,102.0,45.0,7.08,1.9,7.1,3.4,2.7,27.9,0
B00388,188.1,110.2,123.9,1.6,1.5,5.6,0.6,2.69,79.7,0
B00389,240.8,100.9,58.4,4.48,9.0,2.7,9.3,0.91,43.9,0
B00390,183.2,140.7,110.1,5.64,1.8,2.9,2.0,5.61,46.9,0
B00391,187.6,116.7,42.2,8.5,8.2,2.5,4.3,0.84,51.5,0
B00392,232.4,141.4,97.8,6.66,1.6,7.6,1.9,2.73,48.5,0
B00393,200.0,145.8,144.2,1.2,15.7,3.1,16.7,3.31,55.1,0
B00394,224.1,130.4,148.1,3.55,6.2,3.2,18.2,6.36,46.3,0
B00395,196.0,108.0,154.5,6.4,9.4,0.7,13.7,4.21,58.2,1
B00396,171.4,111.8,148.3,1.69,18.0,0.8,4.7,2.59,82.1,0
B00397,168.6,140.5,89.9,3.53,9.5,7.4,13.3,3.01,91.0,0
B00398,186.3,157.0,102.0,2.75,2.7,12.7,11.8,3.51,66.4,0
B00399,190.6,123.4,72.3,7.08,10.3,6.1,15.3,0.73,54.6,1
B00400,221.2,132.3,109.5,4.93,10.0,5.6,13.3,3.01,31.2,0
B00401,171.3,149.9,122.8,7.09,3.6,2.8,4.0,6.19,38.9,0
B00402,222.8,123.4,133.3,2.89,2.7,12.1,14.8,5.4,80.4,1
B00403,182.9,155.2,119.2,4.61,14.0,5.9,2.7,1.21,51.0,1
B00404,243.8,116.7,69.4,3.05,2.7,9.1,2.6,1.91,38.1,0
B00405,226.4,101.6,50.6,0.72,17.4,8.2,11.8,4.06,45.2,0
B00406,187.4,115.7,144.5,6.02,12.6,1.7,4.1,2.05,32.0,0
B00407,208.8,145.2,132.4,7.38,10.3,4.1,19.2,5.78,61.3,0
B00408,225.3,156.1,81.8,7.75,7.1,10.7,17.0,2.0,66.2,1
B00409,217.5,104.4,103.8,8.32,8.4,8.4,21.3,5.93,43.4,1
B00410,208.1,156.9,115.5,4.44,17.9,4.0,17.6,2.97,29.9,0
B00411,199.1,132.4,111.3,4.18,11.2,10.9,20.9,2.99,84.3,0
B00412,191.2,106.9,105.4,6.97,17.2,6.9,22.6,3.2,87.1,1
B00413,178.9,162.8,100.6,1.66,5.2,5.5,15.2,1.37,65.4,0
B00414,237.6,91.2,133.2,7.53,14.6,9.9,21.6,6.24,66.0,1
B00415,225.1,119.4,136.0,3.32,1.6,12.4,13.7,1.04,75.7,1
B00416,186.9,139.1,83.4,3.66,11.9,6.0,16.0,0.51,91.0,0
B00417,233.6,130.3,99.1,0.84,17.2,9.9,16.6,0.65,34.8,0
B00418,212.7,136.7,60.0,1.87,8.2,5.8,17.4,2.26,47.3,0
B00419,229.2,157.3,52.8,6.13,2.0,5.6,23.1,2.6,88.2,1
B00420,202.9,156.2,128.1,5.29,8.9,1.3,10.9,3.26,56.9,0
B00421,182.8,145.1,116.4,7.86,14.1,13.4,15.1,2.91,73.4,0
B00422,178.9,114.8,132.0,1.3,17.8,12.6,9.7,2.17,62.0,0
B00423,185.7,104.4,112.6,3.93,14.3,3.6,2.7,3.43,76.9,0
B00424,222.9,163.1,126.3,3.39,15.3,11.8,12.7,5.09,52.7,0
B00425,189.9,120.0,44.8,1.24,1.3,10.4,14.4,0.78,71.1,1
B00426,203.3,124.9,92.7,5.14,6.1,11.3,16.9,2.07,50.8,0
B00427,181.9,162.0,93.4,2.92,6.2,13.2,15.5,3.33,36.6,1
B00428,223.4,134.5,82.5,6.8,12.9,3.6,15.9,0.64,89.3,0
B00429,174.9,134.1,92.6,5.74,13.5,9.5,20.4,6.35,79.3,0
B00430,233.2,106.7,88.8,5.93,0.8,1.9,18.6,0.65,69.1,0
B00431,216.9,132.4,50.3,4.4,1.0,13.4,20.7,3.61,79.8,1
B00432,186.8,91.2,145.6,4.97,14.9,1.3,3.9,6.79,54.8,0
B00433,179.9,116.7,69.3,8.22,9.9,2.3,17.6,2.74,46.5,0
B00434,210.0,103.1,77.6,7.14,3.8,1.0,17.7,6.06,31.3,1
B00435,172.9,125.2,51.3,0.84,15.8,14.0,14.6,3.22,78.7,0
B00436,236.0,130.7,135.8,1.94,17.5,3.3,19.8,2.05,46.0,0
B00437,231.5,107.2,57.7,5.04,13.5,1.8,20.9,3.77,51.4,0
B00438,229.2,151.2,144.7,5.32,1.0,4.6,5.9,3.4,37.8,0
B00439,228.9,128.8,123.4,6.9,11.0,7.6,5.4,4.94,27.9,0
B00440,179.8,154.5,102.6,4.11,2.1,6.5,7.4,6.06,83.1,1
B00441,183.7,127.8,64.0,2.03,6.5,1.8,10.1,3.18,58.2,0
B00442,188.7,101.2,67.4,2.05,4.9,3.8,6.2,3.3,79.9,0
B00443,190.6,163.1,150.6,7.96,9.3,2.6,2.1,5.09,78.5,1
B00444,177.3,134.5,60.8,4.52,0.6,8.5,12.4,2.6,27.7,1
B00445,214.2,135.2,87.8,8.25,13.4,13.6,12.9,5.88,51.3,0
B00446,222.0,135.2,51.8,0.7,11.1,4.5,18.9,0.97,82.2,0
B00447,185.9,150.2,143.4,5.97,10.7,8.0,14.2,5.16,75.7,1
B00448,167.5,128.7,85.5,6.09,15.0,5.5,7.5,2.14,54.9,0
B00449,243.4,147.0,57.3,8.09,12.4,1.1,12.2,2.01,84.9,1
B00450,243.0,115.5,75.9,8.08,16.9,13.4,8.9,4.07,73.3,0
B00451,234.7,132.1,44.4,8.14,14.4,6.7,18.4,1.24,48.7,1
B00452,242.4,106.1,73.6,7.21,10.8,5.2,14.0,5.39,70.3,1
B00453,205.6,88.1,122.6,4.67,1.3,12.8,4.2,2.28,40.3,0
B00454,183.6,133.7,141.5,7.68,5.4,11.5,7.5,1.39,39.2,1
B00455,220.3,134.2,146.3,4.59,2.6,6.1,9.2,3.29,57.6,0
B00456,182.5,148.3,64.0,5.19,8.8,5.6,3.3,6.41,55.3,0
B00457,189.2,150.7,86.7,4.78,15.1,7.5,0.0,5.29,65.5,0
B00458,223.5,137.3,106.5,5.9,3.1,13.7,0.3,0.74,39.7,1
B00459,221.2,152.2,88.9,5.2,16.9,5.4,3.1,1.29,87.0,0
B00460,218.0,95.8,49.1,3.22,4.5,10.7,6.9,6.1,43.9,1
B00461,198.1,157.2,153.8,6.83,12.3,9.0,13.5,2.59,65.5,1
B00462,170.4,151.6,90.2,2.42,15.0,9.2,2.7,6.04,87.9,1
B00463,203.5,159.1,144.6,7.31,9.9,13.4,11.5,3.8,73.8,1
B00464,186.8,104.3,93.6,1.22,13.7,7.1,20.7,4.65,88.4,0
B00465,167.1,101.0,140.5,2.79,7.0,9.9,11.1,0.82,86.1,1
B00466,167.0,152.4,59.9,7.32,2.0,4.5,19.3,0.76,46.7,1
B00467,194.5,155.9,128.3,5.18,11.8,7.9,10.1,4.04,42.4,1
B00468,235.7,98.5,83.6,0.88,17.3,2.3,21.2,3.35,52.1,0
B00469,238.5,130.9,47.3,1.19,6.7,7.9,20.3,0.98,87.8,0
B00470,213.2,112.5,64.5,1.3,4.8,5.5,7.9,4.16,47.5,0
B00471,244.8,91.3,140.7,3.47,5.9,9.8,12.3,4.77,26.7,1
B00472,224.7,102.9,138.7,6.96,10.1,11.9,17.9,1.36,32.0,1
B00473,229.6,113.0,110.6,3.19,11.2,12.4,4.0,4.72,29.0,1
B00474,244.6,91.2,63.8,4.59,6.8,2.0,19.4,2.22,28.1,1
B00475,167.3,94.2,60.0,1.93,15.8,7.8,1.2,1.21,40.7,0
B00476,176.7,124.6,130.4,5.55,2.4,11.4,23.1,1.4,91.2,1
B00477,194.9,103.9,106.3,7.84,4.6,7.3,1.5,5.88,37.4,1
B00478,221.6,93.4,83.6,7.72,3.2,3.2,19.2,3.32,45.4,1
B00479,184.0,100.4,68.3,1.12,14.3,11.8,15.4,1.41,35.2,0
B00480,168.1,136.5,100.2,0.79,10.4,14.0,2.3,0.44,56.2,0
B00481,196.2,119.6,51.5,8.42,13.1,6.6,5.2,2.09,39.3,0
B00482,169.9,138.1,142.8,5.21,13.4,9.5,14.7,1.39,39.2,0
B00483,181.7,122.5,76.9,8.49,9.4,4.4,14.5,5.0,50.5,0
B00484,177.2,164.6,142.6,5.99,5.4,7.2,19.8,1.45,32.2,1
B00485,221.6,155.5,78.7,6.17,6.2,5.3,13.7,1.81,39.5,0
B00486,186.9,155.4,83.1,4.14,9.7,10.5,0.0,2.14,62.5,0
B00487,169.9,114.9,81.8,3.26,6.9,2.4,7.7,6.57,90.9,0
B00488,216.9,127.9,71.4,8.27,2.0,7.9,18.1,5.32,52.1,1
B00489,235.0,88.3,60.4,8.14,6.7,8.5,0.5,0.48,50.7,1
B00490,181.6,115.8,53.0,2.87,12.3,3.8,23.2,1.46,42.5,1
B00491,235.7,119.6,82.7,3.51,3.7,7.4,4.4,1.6,24.2,0
B00492,239.2,104.9,128.9,3.79,13.6,10.8,6.3,5.2,78.2,0
B00493,169.6,164.6,55.2,8.43,7.3,2.5,10.0,5.59,45.0,1
B00494,222.3,97.2,147.6,5.97,6.1,4.2,4.8,6.66,29.2,0
B00495,191.1,120.1,87.2,5.31,11.1,6.6,22.1,3.21,63.1,0
B00496,170.3,161.3,105.6,5.47,1.6,12.0,19.2,3.13,81.6,1
B00497,208.6,149.5,126.4,5.28,0.6,6.6,4.0,1.45,57.4,0
B00498,191.5,142.8,54.0,6.18,6.8,9.7,19.1,3.52,38.8,1
B00499,239.7,108.2,120.5,7.95,14.1,3.0,15.0,5.31,76.9,0
B00500,213.4,124.4,95.0,4.64,2.3,8.5,3.2,5.08,75.6,0
B00501,183.1,148.9,116.7,1.44,3.8,11.4,1.7,2.61,59.6,0
B00502,202.5,89.8,123.5,2.84,9.9,8.4,2.0,0.87,77.5,0
B00503,220.5,112.2,43.4,5.93,2.3,0.8,18.2,2.49,39.5,0
B00504,227.4,126.5,77.3,5.29,14.3,12.7,11.2,4.86,24.6,1
B00505,207.2,134.9,115.8,1.21,14.9,5.3,2.8,0.73,68.2,0
B00506,206.5,122.4,124.0,1.68,17.2,7.6,21.9,5.04,48.3,0
B00507,186.7,99.3,78.5,1.32,12.0,5.8,15.7,5.32,39.8,0
B00508,215.2,98.0,82.9,6.26,11.6,1.6,9.8,6.53,39.9,0
B00509,210.4,141.4,59.4,4.89,0.9,8.1,13.6,3.64,36.6,0
B00510,171.9,129.7,133.3,6.23,12.4,2.1,7.3,5.79,46.6,1
B00511,173.0,151.1,63.4,8.41,1.9,8.8,3.0,4.18,39.1,0
B00512,206.2,112.3,47.5,7.2,14.8,3.7,14.7,1.1,92.0,0
B00513,184.1,101.0,117.4,2.67,7.7,11.1,14.9,2.33,27.7,0
B00514,185.5,137.7,143.6,7.4,9.7,4.0,23.4,6.55,32.3,0
B00515,198.6,151.0,124.7,7.47,16.4,10.6,2.2,3.58,28.9,0
B00516,167.6,140.5,121.5,8.33,13.6,9.1,23.3,4.8,75.0,1
B00517,223.2,164.6,84.5,2.02,3.3,0.9,18.6,1.18,71.2,0
B00518,181.5,131.9,84.4,5.49,4.6,3.7,0.5,4.14,80.5,0
B00519,190.4,145.3,116.3,0.95,10.5,11.2,7.3,5.18,71.8,0
B00520,242.1,163.7,74.1,0.93,13.8,4.3,3.1,3.27,88.0,0
B00521,229.1,131.8,78.8,3.64,0.5,10.0,1.1,2.79,26.3,0
B00522,239.5,124.3,77.2,7.39,15.6,6.3,0.7,5.2,29.1,0
B00523,222.0,144.1,81.2,8.32,17.6,14.0,17.4,4.97,69.1,0
B00524,182.5,133.7,134.8,7.56,5.9,12.0,16.3,0.85,74.7,1
B00525,174.6,107.2,99.4,5.82,3.5,6.7,3.4,0.61,27.0,1
B00526,178.5,90.9,102.0,6.74,8.3,6.1,0.6,0.88,52.0,0
B00527,208.2,159.9,77.0,7.78,1.4,13.9,10.9,3.14,51.3,0
B00528,214.1,161.4,80.4,3.36,16.2,0.6,0.4,5.12,43.0,0
B00529,195.9,163.8,123.9,2.16,4.5,10.2,13.3,5.71,73.8,1
B00530,197.3,132.3,75.3,2.8,14.7,9.6,22.2,6.03,48.2,0
B00531,210.7,133.5,127.0,8.35,10.9,9.2,3.0,3.58,83.3,1
B00532,192.8,145.7,107.2,3.28,11.0,7.1,22.4,3.82,87.4,0
B00533,195.9,92.0,125.3,3.38,8.8,6.7,7.5,5.68,63.1,1
B00534,173.0,147.1,130.8,4.48,1.5,9.9,18.2,0.91,73.5,1
B00535,177.4,157.3,61.0,0.9,13.1,4.5,16.9,6.15,56.2,0
B00536,219.6,142.6,117.6,7.51,5.9,3.8,5.8,4.93,59.9,1
B00537,233.7,126.9,114.6,1.73,16.9,1.7,9.0,2.26,58.0,0
B00538,238.7,91.0,69.8,2.9,14.3,3.8,21.3,6.06,25.2,0
B00539,200.2,121.4,92.7,3.06,10.4,7.6,11.2,2.62,38.7,0
B00540,167.5,96.6,111.1,8.17,9.5,12.0,1.3,0.96,46.0,1
B00541,186.0,91.8,82.6,3.81,4.5,12.6,10.6,0.58,87.0,0
B00542,198.0,107.6,136.1,2.46,5.0,8.9,20.3,1.3,27.4,0
B00543,242.9,98.4,79.9,4.88,16.0,7.0,22.8,1.65,49.1,0
B00544,182.9,146.7,147.0,3.63,13.1,1.9,9.7,3.12,88.1,0
B00545,225.1,103.1,91.4,2.54,10.2,7.1,18.9,3.97,67.0,0
B00546,194.8,153.3,56.8,7.82,15.6,13.9,9.6,4.21,51.1,0
B00547,239.1,108.1,72.1,3.17,6.8,12.4,5.5,1.34,29.2,1
B00548,193.5,134.6,91.1,1.06,15.3,8.6,15.0,5.64,42.8,0
B00549,228.0,162.5,133.7,5.94,8.2,8.7,12.2,3.88,50.1,0
B00550,197.9,123.9,147.0,1.89,8.6,3.3,7.5,3.76,28.8,0
B00551,213.4,107.0,94.1,3.75,6.7,6.8,0.8,2.97,87.4,0
B00552,236.6,131.1,85.7,5.16,14.2,4.1,6.2,3.05,55.9,0
B00553,187.3,148.9,151.4,0.97,11.0,8.7,20.8,1.59,37.2,0
B00554,207.7,115.2,126.4,7.23,2.0,3.6,13.3,5.01,77.7,0
B00555,212.0,109.6,146.7,4.6,7.7,5.8,3.9,1.69,91.4,0
B00556,241.3,134.4,46.3,1.72,6.9,1.4,12.1,4.62,91.6,0
B00557,187.6,154.4,84.0,4.35,5.0,3.6,6.7,4.36,49.1,0
B00558,168.2,91.3,70.9,2.34,17.9,12.7,5.7,4.9,57.2,1
B00559,202.1,126.6,71.6,8.0,9.1,7.2,5.8,6.42,35.8,0
B00560,189.0,121.1,154.7,2.38,15.3,7.3,13.5,2.58,50.5,0
B00561,170.5,102.0,153.8,8.36,14.4,8.7,4.1,1.67,90.7,1
B00562,174.3,130.7,61.3,3.97,10.2,2.6,12.0,1.64,41.0,0
B00563,224.8,105.9,78.8,6.64,9.1,7.6,12.7,0.59,64.4,0
B00564,172.1,128.0,96.0,5.21,5.2,2.8,18.8,2.55,76.2,0
B00565,197.9,143.2,79.2,7.09,4.5,7.9,2.0,1.71,87.2,0
B00566,198.8,126.4,60.1,3.79,2.0,6.1,18.0,3.67,72.3,0
B00567,224.3,115.5,62.1,7.81,4.5,3.5,6.3,2.64,60.0,0
B00568,200.0,126.5,150.4,2.5,4.8,10.6,5.4,5.85,80.4,0
B00569,242.8,133.9,70.4,6.57,11.3,7.4,4.1,0.78,28.2,0
B00570,241.0,91.3,53.6,2.84,9.4,11.0,16.0,5.51,77.2,0
B00571,187.1,88.0,80.2,7.95,12.1,11.9,15.1,6.58,57.3,1
B00572,237.6,98.4,110.2,2.77,9.6,3.1,7.4,4.17,70.4,0
B00573,214.5,151.6,118.7,8.31,6.1,2.2,10.5,4.96,43.5,1
B00574,240.8,163.2,139.5,2.48,17.3,12.9,12.2,1.75,51.8,0
B00575,177.1,106.6,72.3,0.92,4.0,11.9,9.1,4.4,47.8,1
B00576,216.3,156.4,53.4,1.98,17.8,11.8,7.6,4.25,59.0,0
B00577,230.9,104.2,142.8,4.1,9.8,8.9,11.8,4.74,54.0,1
B00578,212.4,116.1,128.0,3.94,0.7,7.7,7.3,5.32,58.2,0
B00579,223.1,121.3,85.5,3.88,4.2,6.8,11.3,6.77,35.8,0
B00580,177.8,139.3,154.3,0.85,9.6,9.6,12.6,0.69,40.1,1
B00581,220.5,94.9,64.6,5.14,2.2,1.3,14.6,3.79,50.0,1
B00582,235.3,111.0,124.6,1.21,2.1,2.0,3.6,1.53,25.2,0
B00583,168.2,163.0,80.2,3.11,9.9,13.5,8.9,5.03,79.6,1
B00584,220.2,120.1,55.5,4.55,8.8,12.5,0.1,2.69,31.5,0
B00585,233.2,104.0,152.6,3.47,2.9,13.1,18.3,3.13,37.7,1
B00586,222.9,127.8,92.5,1.72,0.8,12.0,9.8,1.81,77.7,0
B00587,185.9,111.8,117.1,3.25,1.9,2.9,11.1,6.01,31.0,0
B00588,241.5,90.4,110.9,6.43,13.4,5.7,1.1,4.37,50.7,0
B00589,173.2,144.4,52.6,3.63,5.5,5.5,6.0,5.15,80.5,1
B00590,167.5,158.6,51.7,4.86,10.3,8.4,7.8,6.2,83.7,1
B00591,172.5,99.1,82.1,3.45,12.8,9.3,12.0,4.81,53.8,1
B00592,173.6,157.4,89.4,7.31,10.6,13.6,3.8,5.77,76.0,0
B00593,231.8,121.4,139.1,5.94,7.3,7.8,2.9,4.33,36.1,0
B00594,188.5,134.4,60.5,3.06,1.0,9.1,8.5,1.83,90.4,1
B00595,217.9,108.1,65.8,7.15,6.4,8.5,5.4,2.22,80.6,0
B00596,243.4,117.9,136.9,5.5,5.0,11.4,21.4,2.58,41.8,1
B00597,199.5,159.5,116.3,5.52,14.6,5.7,10.2,6.53,70.8,0
B00598,211.0,148.3,119.2,7.21,3.3,13.4,15.9,5.78,80.1,1
B00599,228.6,137.3,85.9,2.37,3.6,7.5,4.8,5.84,74.4,0
B00600,231.8,163.6,115.1,7.71,7.6,2.2,4.7,3.63,80.4,0
B00601,215.3,96.3,43.4,6.9,2.3,1.2,18.8,5.3,91.9,1
B00602,207.4,100.8,73.4,1.78,0.7,8.4,21.1,0.98,53.3,0
B00603,188.1,102.7,72.8,1.68,4.8,10.2,22.6,6.26,25.2,0
B00604,207.6,88.3,99.6,7.17,16.8,9.4,20.0,0.58,67.3,0
B00605,186.0,97.1,105.4,2.52,10.1,9.4,1.0,4.23,34.4,0
B00606,172.8,100.4,112.0,3.5,14.2,12.7,7.2,4.73,32.8,0
B00607,179.0,154.8,95.1,2.84,3.9,4.5,6.8,6.77,76.3,0
B00608,219.5,138.8,136.8,4.48,7.3,8.7,4.3,1.46,70.0,0
B00609,221.7,88.7,81.6,7.46,3.5,13.0,0.7,4.9,73.1,1
B00610,174.1,134.7,147.4,3.2,6.4,8.1,22.6,1.47,88.7,0
B00611,181.5,146.4,142.0,1.68,11.6,9.3,13.2,3.33,40.3,0
B00612,226.7,127.8,131.5,8.09,2.7,1.3,21.9,6.23,33.9,1
B00613,183.9,141.7,133.4,1.96,1.3,7.1,3.1,5.99,90.1,0
B00614,181.6,114.5,68.1,3.65,0.6,1.4,21.9,3.08,59.7,1
B00615,211.8,95.3,143.0,0.98,16.7,7.5,1.4,1.04,78.9,0
B00616,241.3,102.5,74.0,7.05,3.4,12.2,19.4,2.39,74.7,1
B00617,230.4,104.5,54.5,2.78,12.7,1.9,9.6,4.83,61.9,0
B00618,169.2,110.6,147.5,4.74,15.0,9.9,1.1,2.25,30.0,0
B00619,181.8,162.0,136.5,0.88,5.0,8.3,22.5,5.58,47.6,1
B00620,188.4,113.9,82.9,6.16,4.5,11.5,14.2,2.49,38.2,1
B00621,190.8,131.7,124.1,4.9,10.9,8.7,7.1,2.87,52.1,0
B00622,239.2,136.8,138.6,0.91,7.4,6.0,20.7,5.28,75.3,0
B00623,226.0,102.8,154.5,4.15,4.0,11.8,7.9,4.81,54.2,1
B00624,223.5,109.6,105.3,8.5,1.2,10.2,5.9,1.52,41.2,1
B00625,215.4,129.6,110.6,7.76,11.0,6.2,11.0,4.31,46.8,0
B00626,174.0,157.2,86.2,0.95,14.5,11.3,20.4,1.21,90.6,0
B00627,211.4,153.6,87.2,7.97,1.5,12.7,6.6,5.94,47.1,1
B00628,231.5,164.6,140.7,1.54,15.5,10.6,21.3,5.05,88.2,0
B00629,244.8,97.5,137.7,6.01,13.2,9.3,8.8,2.43,88.7,1
B00630,209.0,111.5,126.3,2.39,14.4,3.4,12.2,1.8,58.3,0
B00631,205.4,118.8,104.0,2.97,17.5,3.1,9.9,2.99,57.4,0
B00632,175.1,129.8,77.5,5.24,15.7,2.7,11.8,4.84,82.4,0
B00633,206.7,95.6,100.2,1.24,9.3,10.3,10.4,1.07,69.4,0
B00634,169.8,128.3,75.6,5.99,15.1,12.5,4.6,1.05,36.1,0
B00635,179.8,94.7,109.9,2.93,6.0,10.2,15.0,0.83,41.7,1
B00636,204.6,140.6,103.0,2.57,2.0,13.5,18.5,1.9,24.4,0
B00637,199.8,143.3,97.2,4.33,17.9,10.0,10.7,3.9,24.3,0
B00638,234.6,121.8,90.0,3.09,14.9,4.4,20.3,0.81,62.4,0
B00639,173.8,93.9,71.3,6.69,6.9,11.2,9.1,4.37,39.3,1
B00640,208.4,96.3,62.0,2.91,2.4,10.3,3.0,2.62,62.7,0
B00641,177.3,121.3,115.7,5.42,11.1,7.4,12.7,3.72,74.8,0
B00642,171.5,134.7,118.8,1.32,9.2,10.2,15.7,3.92,40.0,0
B00643,227.8,131.5,87.9,1.69,11.8,4.8,14.8,4.97,81.1,0
B00644,171.3,145.7,42.0,0.85,14.9,11.7,17.0,0.85,63.8,1
B00645,238.1,151.5,79.8,3.25,5.0,11.2,10.3,5.63,78.3,1
B00646,223.6,119.5,75.9,5.77,5.7,9.1,4.1,2.01,44.6,0
B00647,191.0,128.4,82.5,1.22,6.7,5.2,1.7,2.2,29.4,1
B00648,230.5,127.7,115.3,5.87,8.6,2.9,23.4,5.24,26.6,0
B00649,182.5,147.1,94.9,1.3,1.5,11.3,15.3,0.57,92.0,1
B00650,236.4,161.7,146.4,3.83,11.6,4.8,19.0,0.67,29.4,0
B00651,180.9,102.2,86.6,6.34,6.6,1.1,18.0,2.48,53.1,1
B00652,190.8,132.6,140.3,6.52,10.1,0.9,10.8,2.77,55.1,0
B00653,237.2,163.9,100.1,7.16,17.9,3.8,12.8,2.78,29.5,0
B00654,167.1,154.0,66.9,1.83,12.4,7.8,16.5,3.84,49.9,1
B00655,226.0,121.9,149.6,7.51,10.0,1.4,3.7,0.72,29.0,0
B00656,174.7,144.4,78.8,1.67,1.8,7.1,18.0,6.17,32.0,1
B00657,166.9,93.6,48.0,1.37,7.9,3.9,0.5,0.7,82.6,0
B00658,173.5,97.2,128.2,6.76,12.8,3.0,0.7,0.81,47.6,1
B00659,169.1,160.7,70.3,4.52,2.0,13.1,16.5,6.28,58.1,1
B00660,214.9,126.6,103.2,3.25,13.5,5.3,21.1,6.23,83.1,0
B00661,178.3,136.8,80.9,6.29,15.3,2.5,23.5,3.51,77.6,0
B00662,176.6,89.3,98.3,7.62,9.4,7.6,3.7,4.07,72.3,1
B00663,193.4,144.9,91.7,3.53,16.8,3.4,8.5,1.26,37.2,0
B00664,244.5,142.5,101.7,4.28,16.9,7.5,4.4,1.24,90.3,0
B00665,192.2,152.1,125.5,2.25,13.8,1.1,4.4,5.34,56.5,0
B00666,224.4,100.8,118.8,7.3,16.3,0.7,10.0,1.37,35.1,0
B00667,188.9,162.4,61.4,5.57,8.2,7.0,7.3,5.3,35.3,1
B00668,227.1,128.0,62.8,4.53,11.5,12.5,17.9,4.87,87.8,1
B00669,227.3,95.6,113.6,1.44,1.9,5.8,13.2,4.16,51.4,0
B00670,203.6,121.7,93.4,2.44,16.4,11.8,9.7,5.94,41.3,0
B00671,176.5,164.0,65.1,4.1,7.5,8.6,4.5,1.39,45.8,1
B00672,201.5,108.9,104.3,6.99,3.1,10.0,18.7,3.7,54.8,0
B00673,228.2,137.7,97.6,0.76,5.4,10.8,18.6,3.01,83.8,0
B00674,232.1,117.1,101.1,1.83,15.1,11.4,8.1,2.13,55.8,1
B00675,208.9,144.1,140.4,2.56,17.0,12.5,0.6,0.5,66.2,0
B00676,175.5,164.2,51.3,7.71,13.3,4.2,10.9,0.82,83.3,1
B00677,188.7,93.5,65.6,6.4,14.4,8.8,8.8,1.78,86.3,0
B00678,212.5,104.1,76.0,4.84,0.7,10.7,18.4,3.96,35.9,1
B00679,202.9,99.0,116.6,6.67,6.5,8.4,21.9,0.5,68.3,1
B00680,190.5,110.4,92.9,7.2,2.7,5.4,21.4,5.89,57.2,1
B00681,201.6,153.0,82.6,3.27,14.5,1.3,4.2,5.42,39.9,0
B00682,187.2,115.7,134.8,2.21,4.9,1.5,14.2,6.27,89.0,0
B00683,220.3,151.5,147.1,2.13,14.9,7.8,9.2,5.33,79.8,0
B00684,180.6,146.8,61.7,7.89,6.8,9.4,12.7,6.17,86.0,1
B00685,229.5,150.3,48.9,7.57,10.4,8.0,21.7,4.27,51.6,1
B00686,200.2,140.1,91.9,1.0,2.4,0.7,1.9,3.25,89.3,0
B00687,198.7,101.3,83.0,1.27,11.4,8.9,10.2,1.31,37.1,0
B00688,223.7,117.3,118.9,2.5,6.3,1.0,21.4,3.57,54.0,0
B00689,223.2,104.4,144.2,4.01,16.3,0.8,16.8,3.24,63.0,0
B00690,238.5,92.1,78.2,4.85,2.9,9.7,3.0,5.59,27.7,1
B00691,199.5,160.4,154.1,1.23,13.8,0.6,8.9,4.52,87.6,0
B00692,237.7,155.0,48.0,5.27,8.7,0.9,5.4,0.85,84.4,0
B00693,197.5,161.7,150.0,3.31,7.4,9.1,9.8,5.54,87.4,1
B00694,207.7,115.8,98.5,2.27,5.5,14.0,11.3,3.41,29.1,0
B00695,194.5,139.5,113.9,3.79,14.4,9.2,7.8,6.14,51.2,0
B00696,224.9,139.3,154.7,6.64,9.6,12.4,22.4,6.37,85.3,1
B00697,224.9,122.6,93.1,6.86,12.8,13.9,22.4,3.85,46.0,0
B00698,183.0,137.4,132.5,1.64,0.7,7.5,8.5,3.42,66.0,0
B00699,236.9,160.3,112.3,4.42,1.1,1.8,2.1,6.51,53.9,1
B00700,168.9,155.3,146.9,7.32,10.6,9.7,4.4,4.83,77.3,1
B00701,204.0,88.6,126.8,3.8,10.7,13.7,2.2,1.89,87.4,0
B00702,240.9,131.5,86.0,6.94,5.4,1.9,6.8,5.69,84.1,1
B00703,208.9,131.4,85.0,2.58,4.5,1.9,22.7,1.63,90.2,0
B00704,219.3,140.3,62.3,6.83,10.3,13.4,2.6,4.45,88.7,0
B00705,242.9,129.8,61.5,1.34,16.3,12.3,4.0,2.52,70.5,0
B00706,211.7,142.5,62.9,0.89,15.6,7.0,16.3,3.35,86.3,0
B00707,184.2,109.0,111.8,7.07,12.0,11.4,9.8,6.78,26.9,1
B00708,168.3,89.8,149.1,8.23,15.0,13.9,20.3,2.87,64.2,1
B00709,198.0,158.8,113.9,8.31,4.9,5.6,20.6,3.91,30.2,1
B00710,181.5,146.9,101.9,7.51,10.4,8.1,9.2,1.35,36.4,1
B00711,180.6,147.2,96.9,6.37,3.0,9.1,11.1,4.74,35.4,0
B00712,198.8,140.6,43.7,5.44,3.2,1.8,2.3,2.97,45.9,0
B00713,169.7,114.6,87.0,2.77,15.7,11.7,20.8,2.97,76.8,0
B00714,179.4,106.5,101.7,6.32,9.5,8.6,11.8,6.4,29.7,1
B00715,189.2,131.7,128.1,7.28,5.4,11.9,22.2,1.28,44.7,1
B00716,231.2,126.2,45.5,4.84,11.9,3.2,17.3,3.89,76.3,0
B00717,242.1,116.4,82.6,2.15,17.6,3.1,14.2,2.48,27.2,0
B00718,216.0,145.9,42.5,5.96,9.9,4.1,10.5,1.58,50.3,0
B00719,177.3,133.1,131.1,5.35,2.8,6.3,16.8,2.97,47.9,1
B00720,177.9,100.2,66.0,3.34,14.5,10.8,13.3,4.56,49.9,1
B00721,182.9,158.5,75.4,1.33,16.7,9.0,3.7,4.09,76.5,0
B00722,198.0,91.2,135.9,2.54,1.8,11.6,5.6,1.76,26.0,1
B00723,242.0,151.6,127.5,4.62,6.9,4.9,10.2,3.01,88.8,1
B00724,179.1,91.7,139.2,2.26,6.3,1.1,9.4,1.43,73.3,1
B00725,192.1,163.0,108.2,6.9,12.9,8.0,20.7,1.07,81.7,0
B00726,223.3,114.2,49.4,5.55,14.1,5.1,21.6,4.62,55.4,0
B00727,228.0,125.1,43.8,5.31,10.8,13.4,10.3,2.64,70.2,0
B00728,179.1,156.1,119.2,6.5,10.3,13.7,21.9,4.91,69.7,1
B00729,235.2,92.8,119.9,8.19,7.0,1.4,19.8,6.55,75.0,1
B00730,192.9,121.5,59.0,3.68,7.5,11.2,23.3,4.52,30.8,0
B00731,227.3,112.7,80.4,1.16,17.5,1.6,5.8,4.85,24.7,0
B00732,229.7,92.4,131.4,5.82,3.0,5.2,8.0,1.67,90.0,1
B00733,204.6,164.1,112.1,7.34,10.4,12.3,19.1,2.34,48.8,1
B00734,167.0,160.2,43.3,3.06,8.5,8.8,14.6,6.4,64.1,1
B00735,189.6,136.7,65.6,6.36,11.2,5.0,17.0,5.5,41.5,1
B00736,190.1,96.4,153.8,7.11,15.9,6.3,12.7,1.66,36.8,1
B00737,222.2,105.3,60.4,5.2,13.5,11.7,7.2,2.53,33.5,0
B00738,238.8,158.5,91.9,4.1,16.1,6.8,18.4,3.07,38.1,1
B00739,189.0,149.0,114.5,8.24,0.5,5.9,20.0,5.09,68.7,1
B00740,217.0,127.6,131.7,2.81,14.7,6.0,13.6,1.55,31.5,0
B00741,181.8,96.4,42.0,6.44,12.3,3.2,6.0,2.73,38.7,0
B00742,174.8,112.1,95.8,5.39,13.9,13.8,13.5,1.3,71.5,1
B00743,226.6,93.0,130.6,7.21,13.8,5.0,8.4,0.82,40.7,1
B00744,190.0,111.4,132.2,1.8,11.2,3.7,7.9,3.08,31.4,0
B00745,241.9,107.5,58.0,5.42,7.3,12.7,8.7,2.96,47.3,1
B00746,234.6,157.1,57.1,7.18,12.0,2.5,11.5,4.27,53.6,1
B00747,174.4,105.3,110.8,4.1,7.2,3.5,5.8,1.4,50.1,0
B00748,173.6,163.8,140.3,4.29,15.7,3.6,12.2,3.06,36.1,0
B00749,235.3,113.7,107.5,3.21,9.9,12.4,10.4,5.58,82.4,0
B00750,214.8,139.9,144.3,3.2,0.7,12.4,5.7,4.78,79.1,0
B00751,198.6,144.1,61.6,6.42,16.4,3.9,12.0,2.64,86.0,1
B00752,209.6,136.0,139.6,2.96,13.6,2.8,5.7,4.62,91.9,0
B00753,176.0,128.4,78.8,2.76,5.1,2.7,19.1,2.72,49.9,0
B00754,222.9,156.6,74.5,1.4,13.5,7.0,19.8,6.3,41.2,0
B00755,184.3,157.2,73.2,8.06,14.8,1.6,14.8,4.46,75.9,0
B00756,177.8,118.3,148.0,5.78,6.6,7.8,4.2,1.05,65.7,1
B00757,237.8,101.1,154.8,1.38,4.9,2.3,22.9,1.58,65.3,1
B00758,190.7,149.1,101.2,0.79,9.3,4.2,4.0,5.85,32.7,0
B00759,175.8,159.8,141.0,3.33,1.0,7.9,14.8,0.9,49.0,1
B00760,171.1,91.4,147.1,5.11,4.9,12.2,3.5,5.54,30.9,0
B00761,179.1,88.9,54.1,2.2,16.2,7.2,20.6,1.01,62.2,1
B00762,241.7,125.6,106.7,4.21,7.0,13.5,20.6,5.85,50.3,1
B00763,203.8,99.1,122.9,6.03,17.2,5.2,8.1,6.44,51.5,0
B00764,218.0,136.0,118.2,7.94,9.7,8.5,7.8,4.92,69.3,1
B00765,224.6,157.7,111.7,3.62,15.8,11.2,20.3,2.87,66.1,0
B00766,234.6,121.6,63.7,6.05,10.3,9.6,10.4,5.37,58.4,1
B00767,190.7,144.8,91.1,8.21,5.7,3.9,12.3,1.89,63.8,0
B00768,202.1,135.3,82.7,7.71,16.6,3.0,19.7,3.06,37.3,0
B00769,199.6,95.0,42.8,2.46,2.8,9.8,18.0,3.88,66.9,1
B00770,208.7,125.7,145.4,7.66,5.0,3.1,4.5,5.81,46.5,0
B00771,186.2,93.4,43.9,7.4,5.7,2.0,14.8,2.7,47.7,0
B00772,239.2,144.8,53.7,2.02,4.6,5.4,23.3,3.08,65.1,0
B00773,206.2,122.8,72.4,6.77,13.8,8.1,14.2,0.52,89.7,0
B00774,172.8,132.6,55.1,6.12,1.5,6.5,6.0,4.12,50.6,1
B00775,180.1,156.9,47.0,8.26,13.3,0.6,1.7,5.92,89.5,1
B00776,244.7,92.7,57.4,8.44,7.7,3.8,1.3,1.68,86.7,1
B00777,244.8,120.5,132.3,6.09,11.8,11.6,21.4,5.12,36.1,1
B00778,220.6,101.8,119.6,1.18,4.4,6.7,5.8,6.42,73.2,0
B00779,208.8,99.4,150.6,8.19,13.6,0.8,0.1,1.42,54.2,0
B00780,217.0,162.7,66.4,3.71,7.8,2.0,3.3,0.9,71.1,1
B00781,233.5,108.8,143.2,8.15,2.5,4.8,13.9,0.85,31.1,0
B00782,235.5,101.3,79.8,2.63,3.2,2.5,4.2,1.63,73.0,0
B00783,171.5,95.5,108.9,5.43,15.5,13.4,6.3,5.59,25.8,0
B00784,181.5,135.3,115.5,5.18,11.2,12.1,12.9,2.46,65.0,0
B00785,208.0,158.5,85.9,2.57,2.8,10.2,9.9,6.08,90.2,1
B00786,237.9,90.4,70.0,6.89,6.7,5.3,7.9,1.63,70.8,1
B00787,168.1,122.0,101.8,3.5,9.3,12.7,22.8,2.96,37.7,0
B00788,235.4,146.0,70.0,5.48,6.7,7.1,18.0,4.16,59.6,1
B00789,233.6,97.5,78.3,2.75,4.5,3.0,16.8,4.56,45.2,0
B00790,222.9,92.5,91.2,8.19,8.5,6.5,21.0,2.57,56.9,1
B00791,194.8,101.9,114.0,4.34,7.0,13.9,12.5,1.67,59.2,0
B00792,189.5,106.7,90.9,7.95,14.0,0.5,8.4,5.33,29.2,0
B00793,230.1,152.1,136.1,5.74,17.3,4.4,23.1,5.53,54.2,1
B00794,243.6,125.1,146.1,2.98,17.0,8.4,15.1,4.5,86.8,0
B00795,211.2,115.6,141.2,3.58,13.3,5.0,10.4,1.24,69.6,0
B00796,213.6,153.4,133.6,5.87,6.6,2.3,21.0,4.0,39.1,0
B00797,231.3,127.9,144.2,6.0,16.5,7.3,13.7,3.34,73.6,0
B00798,165.6,162.2,138.1,2.83,1.9,12.5,2.2,1.91,54.0,1
B00799,242.4,116.4,123.1,6.31,11.6,8.2,15.2,1.7,70.1,0
B00800,229.9,155.8,145.6,0.72,11.8,2.0,18.9,3.95,81.8,0
B00801,224.9,163.2,117.3,5.56,2.3,5.7,16.4,5.94,54.3,1
B00802,235.1,112.4,153.2,4.26,13.6,8.4,15.6,1.97,63.3,1
B00803,175.6,159.9,128.8,3.56,7.1,12.7,4.1,6.73,46.4,1
B00804,178.1,155.7,43.4,7.72,9.2,4.7,4.6,4.82,54.8,1
B00805,181.4,155.2,143.4,5.57,8.0,1.5,16.0,6.17,74.5,1
B00806,174.2,127.1,69.7,6.25,6.0,5.5,8.1,2.18,25.4,0
B00807,240.7,134.3,66.9,7.04,13.2,12.2,14.6,0.82,61.0,1
B00808,181.6,127.2,74.4,5.82,4.4,10.5,15.4,6.33,77.7,0
B00809,219.9,96.2,42.7,5.2,17.1,7.1,21.6,1.62,42.6,0
B00810,176.8,132.7,70.7,2.84,4.5,7.7,6.9,6.76,89.1,0
B00811,174.8,105.7,59.9,2.38,13.4,3.0,20.7,2.73,38.0,0
B00812,198.0,146.2,82.1,7.63,11.3,5.9,8.6,6.41,59.6,1
B00813,242.6,92.6,68.9,8.31,17.7,4.8,9.6,2.26,72.4,0
B00814,200.5,145.3,117.7,8.08,8.7,0.9,7.2,2.28,44.3,0
B00815,221.0,160.7,98.9,5.62,4.3,12.6,12.2,5.15,78.0,1
B00816,235.3,154.3,54.8,7.13,2.1,9.3,3.5,5.45,57.7,1
B00817,203.1,139.7,130.9,4.91,4.4,1.1,4.6,4.23,54.2,0
B00818,199.9,123.8,91.1,4.58,12.4,11.7,17.8,3.66,89.7,1
B00819,169.2,129.2,114.6,8.34,8.6,1.9,3.8,3.4,45.0,0
B00820,173.4,119.4,63.1,6.46,5.3,6.5,16.1,6.45,69.7,1
B00821,230.8,101.4,43.1,4.41,6.4,12.5,19.1,6.45,83.7,1
B00822,243.9,119.6,99.9,5.96,2.7,1.8,17.7,4.12,50.0,0
B00823,179.9,127.1,51.4,1.6,3.2,6.2,4.7,3.65,69.8,0
B00824,228.4,99.8,86.8,4.04,7.5,6.1,19.7,5.6,91.2,1
B00825,220.6,111.1,134.4,6.71,13.1,4.9,6.1,4.41,69.1,1
B00826,172.0,124.4,54.2,1.06,15.4,9.3,5.8,2.44,58.3,0
B00827,193.0,120.2,148.9,7.81,10.0,10.0,7.0,4.65,55.8,0
B00828,237.8,160.9,66.5,4.17,7.6,12.6,21.7,2.7,86.5,1
B00829,182.2,133.2,106.5,3.38,7.7,12.2,4.9,3.81,56.0,0
B00830,188.7,128.9,65.1,4.61,15.8,7.6,11.9,4.32,90.1,1
B00831,167.2,121.2,115.8,3.35,15.9,6.0,22.0,4.27,83.1,0
B00832,206.6,102.1,85.8,1.51,6.4,9.9,22.6,3.06,42.2,0
B00833,221.1,141.8,96.3,4.02,6.6,4.8,12.5,3.75,26.9,0
B00834,232.1,109.7,45.0,7.73,7.5,0.9,12.8,1.96,71.9,0
B00835,178.4,132.2,120.4,5.68,6.1,3.1,8.1,3.25,74.9,0
B00836,237.1,152.3,53.1,5.49,11.8,13.1,2.9,1.31,68.8,1
B00837,209.1,115.4,143.1,3.78,17.7,13.1,21.1,3.49,36.6,0
B00838,184.5,127.5,51.1,6.87,9.8,12.5,8.6,6.24,85.4,1
B00839,222.0,160.5,132.4,8.14,3.1,1.8,8.4,1.47,70.7,1
B00840,167.7,89.9,60.6,6.99,10.7,4.6,8.1,6.73,27.4,1
B00841,188.7,153.1,52.9,2.75,6.1,9.2,18.4,3.54,54.7,0
B00842,219.4,106.6,142.2,6.52,15.6,9.0,13.2,4.28,63.3,0
B00843,214.2,89.4,61.7,6.59,9.0,11.2,8.6,2.72,25.5,0
B00844,188.6,139.0,86.4,3.65,2.0,6.3,21.9,4.82,30.8,0
B00845,227.4,129.0,42.9,4.9,11.5,0.7,3.7,0.96,82.7,0
B00846,201.9,155.0,154.8,3.9,10.0,4.6,4.7,1.45,85.4,1
B00847,221.1,113.8,54.0,5.03,4.4,11.7,9.5,4.91,44.9,1
B00848,171.1,156.2,119.2,3.37,7.6,1.1,22.9,5.23,56.6,0
B00849,172.9,159.7,71.2,2.85,7.6,7.9,8.1,5.23,89.7,1
B00850,239.1,125.3,97.6,5.85,15.6,5.2,18.6,5.09,81.1,0
B00851,231.1,149.3,61.9,3.03,8.7,9.9,13.2,4.37,83.7,0
B00852,172.2,117.3,124.8,2.21,2.0,5.1,15.9,4.64,49.1,1
B00853,227.2,129.3,79.1,6.17,2.3,10.6,4.9,2.94,44.9,1
B00854,201.4,123.6,78.3,4.1,3.6,0.7,20.6,6.31,70.9,0
B00855,224.9,95.5,53.4,6.51,2.5,0.7,9.3,4.64,44.6,0
B00856,222.8,104.0,94.9,7.72,0.8,4.9,11.4,2.98,34.4,0
B00857,210.5,129.4,144.4,0.8,13.0,10.3,14.2,1.2,74.0,0
B00858,203.2,131.3,93.1,7.12,11.8,2.8,7.4,2.54,87.5,0
B00859,190.0,155.8,90.2,7.28,6.0,1.9,0.7,6.41,83.8,1
B00860,233.1,163.7,58.9,2.85,8.7,1.4,16.4,2.67,47.8,1
B00861,166.9,137.4,119.2,4.0,17.3,9.4,16.9,5.66,58.1,0
B00862,232.3,161.8,116.1,5.3,13.8,4.7,0.9,4.59,47.8,0
B00863,217.6,138.7,68.3,4.66,16.5,12.3,4.5,3.94,40.4,0
B00864,206.9,143.7,128.8,6.87,17.3,8.1,21.4,4.8,54.3,1
B00865,220.4,132.5,95.8,6.05,14.7,11.2,4.1,2.49,46.9,0
B00866,170.8,160.6,110.3,0.84,12.9,4.7,20.2,1.94,56.2,1
B00867,212.2,91.1,90.8,4.54,11.5,13.7,10.6,5.38,29.9,0
B00868,188.4,98.8,118.2,4.04,7.4,4.4,7.4,5.74,73.9,0
B00869,243.0,101.2,50.2,7.85,9.2,13.2,16.9,6.13,73.6,1
B00870,167.8,136.5,94.7,5.11,9.0,12.1,17.3,1.9,80.7,1
B00871,167.4,124.7,116.0,6.93,14.0,1.5,7.7,6.52,25.9,0
B00872,199.8,118.0,89.5,2.54,17.9,11.6,6.8,1.21,88.4,0
B00873,217.7,111.2,81.5,6.05,11.5,13.5,12.5,1.67,27.1,0
B00874,233.3,93.3,118.8,3.65,16.3,2.7,7.7,5.52,74.2,0
B00875,181.5,162.0,151.0,2.68,14.1,11.0,13.6,3.38,53.9,0
B00876,175.5,133.4,92.3,8.15,13.0,5.1,4.1,4.34,61.9,1
B00877,240.9,147.4,72.2,1.39,11.1,6.4,6.2,2.76,49.9,0
B00878,219.1,148.0,113.1,6.75,2.9,6.8,2.3,3.15,30.3,1
B00879,236.0,143.6,118.3,7.35,5.8,13.0,0.6,0.68,89.4,1
B00880,167.9,107.0,56.2,1.02,15.4,7.0,3.7,3.86,86.4,1
B00881,197.9,95.6,114.1,7.21,4.4,1.8,6.1,2.71,87.0,1
B00882,198.2,140.7,122.1,5.06,8.5,1.7,13.9,2.68,70.4,0
B00883,224.0,151.9,128.2,5.03,0.9,0.6,21.9,3.06,64.0,1
B00884,207.0,97.1,109.8,6.82,8.9,2.5,11.9,1.84,64.2,0
B00885,226.5,88.5,75.9,7.44,6.3,13.0,12.5,2.07,84.2,1
B00886,220.2,161.8,121.3,7.9,16.8,0.8,5.4,4.59,45.5,0
B00887,165.2,154.3,147.9,8.26,13.1,10.8,4.7,6.71,63.9,0
B00888,234.1,96.2,45.1,2.31,7.2,11.6,6.6,5.74,78.4,1
B00889,188.3,106.0,131.8,5.77,16.6,11.4,6.6,2.48,24.5,0
B00890,166.1,112.4,113.5,5.65,4.4,2.7,14.7,2.48,41.5,0
B00891,188.9,99.2,102.9,6.6,12.1,10.4,13.4,0.44,56.7,0
B00892,217.9,123.0,68.9,3.91,11.5,2.8,20.1,5.53,42.7,0
B00893,237.4,151.8,54.9,8.13,3.5,13.0,20.1,5.78,54.8,1
B00894,243.8,133.3,75.9,8.43,16.2,5.8,3.9,5.0,40.7,1
B00895,206.1,98.7,129.5,6.98,0.6,6.7,10.9,5.57,36.3,1
B00896,230.2,136.3,60.6,2.13,3.8,6.9,13.0,2.61,44.3,0
B00897,226.3,160.3,71.0,6.44,12.9,5.4,22.2,6.13,89.9,1
B00898,207.9,164.4,44.8,3.51,3.0,5.8,15.3,3.95,48.7,1
B00899,229.1,91.6,109.9,4.86,13.6,13.4,15.5,3.62,72.0,0
B00900,224.5,94.6,94.4,4.26,1.5,3.5,3.9,0.46,88.7,0
B00901,173.4,92.4,69.0,8.02,3.1,3.6,2.7,1.27,51.9,0
B00902,198.1,143.4,117.3,3.44,15.8,2.9,16.9,3.65,75.6,0
B00903,167.6,143.4,42.5,5.66,9.2,10.3,6.7,5.61,50.0,0
B00904,206.7,117.9,150.9,7.83,9.3,7.3,10.3,4.43,82.5,1
B00905,177.9,155.1,47.2,2.04,10.9,8.3,12.1,0.71,33.5,0
B00906,239.4,116.0,127.8,6.33,0.8,11.8,10.8,0.43,45.6,1
B00907,209.5,120.9,48.1,6.64,16.2,6.2,15.3,2.74,88.4,0
B00908,204.7,105.7,133.5,4.26,13.6,13.2,19.4,5.43,70.1,1
B00909,167.8,103.0,112.1,5.66,16.0,13.0,3.6,4.4,39.7,1
B00910,233.3,93.4,61.4,7.52,12.8,1.3,18.6,6.04,45.4,0
B00911,215.0,137.3,44.7,7.87,8.1,1.3,15.6,0.66,73.0,0
B00912,209.1,159.6,92.8,4.04,17.0,7.4,14.6,2.59,39.7,0
B00913,230.9,113.0,81.2,6.68,13.6,0.8,14.7,3.81,66.0,0
B00914,180.3,123.7,57.6,4.3,1.6,4.1,4.7,1.75,45.6,1
B00915,166.7,121.4,88.7,2.65,16.8,10.7,7.0,0.44,36.0,1
B00916,184.4,135.3,62.1,4.36,4.7,5.3,19.1,4.54,55.3,1
B00917,177.0,161.3,135.2,1.87,5.3,9.2,18.3,6.07,46.0,1
B00918,237.2,143.5,91.4,5.3,11.9,10.8,17.8,6.38,77.3,0
B00919,239.4,119.7,149.5,7.22,6.2,2.0,1.4,5.37,29.9,0
B00920,196.3,93.5,143.0,3.82,4.1,4.0,14.9,0.7,37.7,0
B00921,184.8,93.9,51.9,6.88,8.2,9.7,9.9,3.06,24.3,1
B00922,225.5,135.9,109.8,5.07,15.2,11.3,19.6,5.08,82.8,1
B00923,177.8,124.6,88.2,4.64,8.7,2.5,22.7,0.81,59.5,0
B00924,225.9,88.6,69.4,8.43,8.2,13.7,16.4,2.77,69.6,1
B00925,207.8,97.3,50.3,1.06,4.8,10.6,17.1,2.27,63.1,0
B00926,177.5,132.0,88.9,1.61,13.2,2.4,6.0,1.42,73.2,0
B00927,227.2,145.5,101.0,0.72,1.0,11.5,4.7,2.85,90.2,0
B00928,242.4,124.0,99.8,5.58,12.1,12.1,19.5,5.02,64.3,1
B00929,166.0,124.8,85.9,1.99,12.3,8.5,1.8,6.51,30.4,0
B00930,186.0,129.3,114.6,7.4,13.8,4.0,11.5,1.79,24.8,0
B00931,178.6,117.4,137.3,1.41,15.5,2.2,22.7,3.8,35.1,0
B00932,207.2,95.0,150.3,7.31,3.6,10.5,11.0,0.49,36.8,1
B00933,215.8,94.7,78.5,7.41,1.4,12.2,22.6,3.8,90.4,1
B00934,185.8,106.4,46.6,4.95,14.8,6.8,8.6,0.41,55.9,0
B00935,226.8,145.5,68.2,7.64,0.8,3.4,12.3,3.71,81.4,1
B00936,207.6,154.8,125.4,2.1,17.3,12.8,8.8,2.24,83.3,0
B00937,210.1,95.6,74.2,6.62,6.2,9.0,12.6,2.69,48.8,1
B00938,181.2,132.1,51.6,3.11,12.7,6.9,21.4,2.75,75.9,0
B00939,201.3,133.5,110.0,6.36,8.8,1.0,15.9,3.13,75.9,0
B00940,172.1,91.9,103.8,6.45,1.1,4.5,17.9,2.6,88.6,1
B00941,167.0,139.3,125.1,5.63,0.8,10.1,3.1,5.4,84.1,1
B00942,207.3,97.4,71.0,2.25,17.2,9.5,9.8,2.84,50.4,0
B00943,206.1,101.0,43.0,6.32,3.3,3.7,17.9,1.99,34.2,0
B00944,226.6,117.5,43.8,4.51,7.9,11.3,15.6,4.09,77.8,0
B00945,230.8,89.0,120.3,6.19,4.7,7.9,13.3,5.72,40.2,1
B00946,197.5,96.0,79.2,6.95,8.8,3.5,22.9,5.79,71.8,0
B00947,215.3,155.2,103.1,6.4,6.5,7.3,19.5,2.73,60.5,1
B00948,172.3,104.3,125.3,1.18,9.6,4.8,2.1,1.7,83.7,0
B00949,180.2,138.3,95.9,8.15,1.5,7.2,6.5,4.55,70.6,1
B00950,239.5,121.1,126.9,3.97,5.4,4.3,16.4,5.8,65.6,0
B00951,239.7,142.3,71.3,2.48,13.1,5.2,21.7,1.48,88.0,0
B00952,199.7,108.9,94.0,5.75,1.4,11.9,6.6,5.06,76.2,0
B00953,171.5,94.2,92.4,6.47,12.1,9.3,16.3,1.72,25.2,1
B00954,238.8,102.1,49.0,2.76,16.3,1.8,8.5,6.64,53.5,0
B00955,231.2,105.9,114.8,3.95,16.8,1.3,4.8,3.34,32.3,0
B00956,204.5,149.0,107.4,8.46,3.1,7.2,3.9,2.76,41.1,0
B00957,237.3,124.5,46.4,2.16,2.5,4.7,11.6,6.41,69.0,0
B00958,191.4,147.5,121.8,5.71,12.8,8.3,12.7,3.99,84.9,0
B00959,225.5,137.4,100.2,8.49,5.3,11.2,12.7,1.56,54.8,1
B00960,243.0,137.0,69.0,1.07,4.2,13.8,5.3,1.34,60.2,0
B00961,195.6,126.5,130.6,2.55,15.1,1.6,1.3,2.97,57.2,0
B00962,227.5,112.7,96.5,4.74,10.5,11.0,21.9,4.81,27.4,1
B00963,218.1,105.6,143.8,5.91,1.3,7.9,17.1,3.2,91.3,0
B00964,191.7,133.4,98.9,2.65,4.1,8.5,12.0,5.81,55.6,0
B00965,172.9,95.8,85.5,8.22,9.4,12.6,21.3,2.49,54.1,0
B00966,222.3,158.1,74.9,5.28,17.9,7.0,9.7,3.84,32.5,0
B00967,202.4,134.9,110.3,6.41,15.5,9.6,19.3,3.15,55.3,1
B00968,237.5,105.0,103.9,5.33,1.6,7.2,3.8,5.12,78.8,1
B00969,215.4,94.6,67.6,5.33,1.8,7.3,2.9,6.72,40.0,1
B00970,243.7,162.5,60.1,6.68,8.4,7.7,13.3,6.78,67.2,1
B00971,187.5,146.4,59.5,7.97,5.7,8.8,4.9,3.29,57.8,1
B00972,217.9,94.2,57.7,1.21,16.2,11.9,13.1,1.87,67.2,0
B00973,212.7,110.2,63.1,6.13,15.5,5.1,14.2,0.82,66.9,0
B00974,218.5,142.0,143.0,2.54,3.4,12.6,12.9,2.4,44.3,0
B00975,192.5,159.4,142.4,1.19,4.8,8.7,8.8,1.59,58.4,1
B00976,201.8,111.4,48.0,6.9,4.8,0.7,19.1,1.41,47.9,0
B00977,222.5,128.8,51.6,3.11,13.6,2.0,6.9,1.15,38.0,0
B00978,238.3,153.3,154.5,6.37,8.1,1.4,18.3,3.52,25.9,0
B00979,177.1,127.9,123.8,1.89,6.5,10.4,9.3,2.55,64.7,0
B00980,217.4,161.6,128.3,7.17,4.6,12.4,11.3,0.85,69.5,1
B00981,210.0,133.1,42.5,6.65,12.1,8.0,4.7,1.26,70.8,1
B00982,241.9,109.5,120.6,2.33,13.4,6.7,10.6,1.39,34.3,0
B00983,244.8,103.2,49.8,8.48,16.6,8.4,3.0,1.18,25.5,1
B00984,233.2,134.4,66.5,5.58,13.0,5.0,17.7,1.13,61.6,1
B00985,187.0,146.5,121.9,2.63,5.5,0.9,2.2,6.22,81.2,0
B00986,169.1,130.7,88.0,3.79,12.2,10.4,3.5,0.82,79.6,1
B00987,230.7,141.3,67.5,6.67,7.9,9.0,16.5,3.39,78.1,1
B00988,167.5,138.0,140.8,1.73,14.8,1.9,0.4,2.14,36.9,0
B00989,231.7,149.2,128.6,5.05,13.2,11.7,11.7,3.73,68.9,1
B00990,219.5,104.7,64.7,4.16,17.2,8.6,7.9,2.99,47.0,0
B00991,169.2,141.1,147.5,1.0,4.7,13.6,0.9,2.28,30.4,1
B00992,202.2,134.5,135.1,5.95,16.9,12.2,19.5,1.22,29.1,0
B00993,201.0,96.1,149.1,7.51,5.5,6.9,6.1,1.95,89.4,1
B00994,203.3,159.0,135.4,5.2,17.8,11.2,12.8,6.71,42.5,1
B00995,167.3,106.5,60.9,5.4,4.1,4.2,4.7,4.22,42.3,0
B00996,180.0,117.9,154.9,1.34,16.5,3.1,21.3,0.99,75.2,0
B00997,230.3,131.1,86.0,3.45,7.3,7.1,6.9,2.3,76.4,0
B00998,193.8,154.2,117.2,5.31,6.8,6.0,17.0,6.31,88.0,1
B00999,205.7,112.4,133.1,5.62,4.8,7.9,22.2,0.51,54.7,0
B01000,212.8,127.5,135.9,2.15,3.7,2.2,0.6,5.92,42.9,0
B01001,239.4,120.0,139.7,7.26,13.3,11.3,10.4,1.69,33.2,0
B01002,203.2,89.6,98.1,7.59,2.4,12.6,1.6,0.41,73.7,1
B01003,203.4,123.9,121.1,1.83,15.3,11.2,10.1,6.5,25.0,0
B01004,170.0,115.3,127.3,2.44,7.2,1.3,17.5,4.68,53.4,1
B01005,171.5,165.0,145.3,7.19,13.9,10.2,3.4,2.06,82.2,1
B01006,238.4,103.5,90.2,7.47,6.7,11.1,0.9,4.68,75.4,1
B01007,200.9,157.4,101.7,3.03,15.6,9.7,3.5,6.37,70.5,0
B01008,213.9,136.9,117.5,1.23,9.3,12.4,2.2,5.71,84.0,0
B01009,193.5,88.3,129.9,5.38,17.5,5.3,20.6,6.6,73.9,1
B01010,226.6,124.8,42.9,5.01,7.7,4.2,13.1,2.63,59.5,0
B01011,204.7,159.9,75.0,8.21,9.6,10.0,10.2,4.96,91.0,1
B01012,218.3,155.8,117.4,3.01,10.3,7.6,21.0,3.0,34.5,1
B01013,233.4,160.0,114.7,8.33,7.1,11.2,2.3,5.06,48.6,1
B01014,213.6,118.4,75.1,5.92,15.7,10.7,5.5,4.52,60.6,0
B01015,212.2,92.9,46.0,8.34,15.7,8.2,11.8,4.04,63.1,1
B01016,206.0,154.1,59.8,6.43,0.9,8.7,16.5,5.19,62.2,1
B01017,229.0,110.2,98.4,3.01,5.2,12.7,1.0,6.41,48.9,1
B01018,191.4,88.8,121.7,6.7,2.2,10.7,4.1,4.31,41.8,1
B01019,221.6,90.2,139.4,0.74,3.6,3.3,5.6,5.15,79.8,1
B01020,187.0,159.1,121.5,1.43,14.1,4.7,15.2,4.52,81.5,0
B01021,214.5,125.5,76.0,3.38,6.7,7.7,0.5,2.55,30.4,0
B01022,166.5,144.1,65.7,4.37,5.5,6.7,20.6,2.7,87.3,1
B01023,204.9,114.8,149.0,3.2,3.0,1.3,15.8,1.92,38.8,0
B01024,214.4,131.5,149.7,5.31,8.4,2.5,6.3,0.41,61.0,0
B01025,173.7,155.6,138.9,4.01,14.7,4.3,17.7,0.93,37.4,0
B01026,221.9,150.6,133.6,8.13,16.1,10.8,6.4,3.39,31.4,0
B01027,238.7,113.4,57.1,1.11,2.5,8.9,20.8,1.67,43.0,0
B01028,215.9,121.1,148.9,6.85,6.1,11.6,17.5,0.61,33.8,1
B01029,215.1,126.3,104.7,8.04,4.0,9.2,10.6,4.01,64.2,0
B01030,219.9,114.9,49.0,3.81,4.4,11.6,4.4,6.76,48.3,1
B01031,174.9,137.0,64.2,2.43,15.2,2.7,14.1,2.19,81.9,0
B01032,196.9,152.4,88.4,7.99,14.7,13.7,6.9,2.77,75.3,1
B01033,176.8,117.2,54.0,4.88,12.7,4.4,5.8,4.1,58.0,0
B01034,212.2,112.1,50.1,6.57,3.5,0.8,11.2,1.09,50.6,0
B01035,198.4,108.2,116.5,4.36,6.6,5.6,16.9,3.07,91.3,0
B01036,216.1,154.3,69.3,6.71,1.7,2.5,16.9,6.37,73.8,0
B01037,200.9,97.7,75.5,6.74,4.1,11.7,8.4,2.55,36.9,1
B01038,194.2,93.0,50.8,2.62,14.7,12.4,18.0,3.42,60.0,0
B01039,175.4,141.2,47.6,7.7,15.0,10.0,0.1,0.58,86.9,1
B01040,203.4,123.3,135.2,8.16,11.6,9.8,12.7,6.26,26.0,0
B01041,240.7,138.9,120.6,4.4,15.2,2.1,14.7,1.3,59.9,0
B01042,221.4,98.9,45.2,5.0,9.0,12.5,6.0,0.92,31.1,0
B01043,187.5,142.6,43.4,3.85,10.9,8.3,16.0,2.43,55.6,0
B01044,170.1,156.8,98.2,0.9,12.9,10.7,21.6,6.29,33.1,0
B01045,220.0,105.2,102.8,4.0,3.8,10.9,23.5,3.16,31.9,1
B01046,215.5,161.3,98.4,4.22,17.1,11.8,2.4,0.71,55.0,0
B01047,180.4,130.1,90.1,6.49,11.5,12.3,5.6,5.73,26.3,0
B01048,239.4,94.5,90.7,7.47,3.3,10.1,18.5,3.81,52.5,1
B01049,215.4,158.2,136.3,3.18,12.8,12.0,12.8,5.6,31.2,0
B01050,194.1,127.9,150.3,4.37,9.3,9.5,17.7,4.17,69.9,0
B01051,228.2,132.7,61.1,6.14,9.6,2.5,10.0,6.02,60.3,1
B01052,198.3,151.9,46.7,4.62,14.3,5.3,3.2,1.2,54.2,1
B01053,190.9,101.6,103.2,1.23,4.7,0.6,1.2,2.16,63.7,0
B01054,199.3,130.7,149.2,2.78,8.0,9.3,5.0,3.02,66.9,0
B01055,178.6,109.3,92.5,1.55,4.8,4.9,19.6,1.41,72.2,1
B01056,241.7,112.2,103.4,1.05,6.5,9.4,16.5,6.34,32.6,0
B01057,225.0,140.8,130.8,6.41,17.2,12.9,21.9,1.79,35.9,0
B01058,184.7,111.8,90.7,8.26,15.2,11.7,21.4,5.64,32.5,1
B01059,193.8,131.4,127.8,7.37,4.3,5.5,18.5,4.71,29.9,0
B01060,226.5,118.8,89.0,3.56,13.3,4.2,22.0,3.06,39.4,0
B01061,233.7,100.5,106.8,4.54,8.3,12.6,12.7,6.23,54.8,1
B01062,213.2,141.0,153.8,4.16,10.1,2.5,22.6,1.73,31.5,0
B01063,230.6,105.8,134.2,6.18,2.2,10.5,9.0,1.74,83.4,1
B01064,227.9,104.7,103.4,5.25,5.0,5.6,2.4,3.83,72.2,0
B01065,179.7,159.4,98.0,7.56,16.2,0.9,19.0,3.81,85.5,0
B01066,170.4,112.2,57.0,1.43,7.2,7.5,2.7,2.3,45.0,1
B01067,213.9,142.3,148.7,4.12,15.4,9.3,14.5,6.78,42.7,0
B01068,206.1,116.5,119.4,8.2,2.7,1.1,19.5,6.32,85.4,1
B01069,204.6,121.9,85.1,4.6,11.9,3.4,0.2,3.65,71.7,0
B01070,168.1,128.7,81.0,5.64,4.5,2.3,13.2,6.04,65.2,0
B01071,167.6,146.8,119.4,7.09,14.4,3.0,17.5,2.08,78.5,1
B01072,185.9,112.8,119.7,6.48,12.3,8.7,2.6,3.01,48.1,1
B01073,229.5,147.8,126.5,2.46,3.2,8.6,15.3,5.84,56.1,1
B01074,186.0,158.6,46.8,4.41,0.7,8.8,6.3,5.98,26.6,1
B01075,218.3,100.4,74.2,4.17,13.7,1.4,0.1,2.78,51.2,0
B01076,237.5,105.9,96.3,7.07,12.1,0.8,12.0,3.18,59.5,1
B01077,206.9,147.7,47.1,5.21,4.9,11.3,18.3,3.57,71.8,1
B01078,220.2,156.6,42.6,1.02,4.0,10.9,6.8,5.56,52.3,0
B01079,235.2,98.0,105.7,2.11,12.6,4.1,19.5,2.76,49.3,0
B01080,200.3,159.2,129.6,8.49,10.5,4.6,12.1,6.25,48.1,0
B01081,221.6,131.3,134.6,7.4,4.4,2.6,6.7,4.31,71.0,1
B01082,227.3,160.4,124.4,3.25,12.0,13.2,3.7,2.56,83.3,0
B01083,185.0,117.9,124.4,8.06,14.2,6.1,4.7,0.89,70.3,1
B01084,217.6,139.6,52.5,4.44,16.4,3.0,17.2,3.7,57.9,0
B01085,190.5,99.0,86.6,7.53,6.5,4.7,9.8,3.74,76.7,1
B01086,186.3,89.1,45.5,3.4,8.8,10.9,20.5,2.33,80.2,1
B01087,232.8,131.7,69.7,8.13,1.5,7.3,10.3,0.6,29.4,0
B01088,206.5,116.7,121.2,3.66,2.0,6.7,11.1,1.35,73.7,0
B01089,201.8,131.0,75.6,4.96,6.1,5.6,9.1,5.99,86.3,0
B01090,232.2,92.4,151.7,5.25,7.1,9.8,18.5,1.25,27.1,1
B01091,231.0,90.7,53.2,6.12,10.0,6.3,14.5,0.43,79.1,1
B01092,169.6,163.6,111.8,1.11,8.9,12.1,1.6,3.53,31.4,1
B01093,239.7,124.7,44.6,6.38,17.1,1.7,6.9,5.52,34.5,0
B01094,232.9,160.1,95.9,4.08,16.0,0.8,16.6,6.54,66.3,0
B01095,203.3,116.6,57.1,0.97,15.9,10.3,1.2,1.22,72.0,0
B01096,177.6,88.7,71.4,5.51,4.5,1.7,12.8,5.74,24.3,0
B01097,212.5,121.8,103.3,6.02,9.7,9.2,16.8,1.4,85.1,0
B01098,223.3,117.3,154.7,1.66,8.6,4.2,18.8,3.22,82.9,0
B01099,182.1,117.3,142.8,5.07,1.1,3.0,23.1,1.51,47.2,0
B01100,211.7,134.4,126.1,1.1,8.5,5.4,22.5,3.52,24.3,0
B01101,205.8,95.3,57.7,0.89,4.2,3.9,10.2,3.49,89.8,0
B01102,235.1,92.5,89.3,1.18,11.5,11.9,2.2,5.05,77.9,0
B01103,204.0,98.1,91.2,6.66,2.5,8.3,14.1,1.27,36.9,0
B01104,202.7,158.3,136.5,4.28,13.8,13.7,0.5,2.64,33.6,0
B01105,193.2,113.1,137.8,2.21,15.6,2.0,19.7,3.2,68.9,0
B01106,175.1,156.3,109.0,3.01,8.6,3.6,3.2,5.4,82.7,0
B01107,194.7,112.1,117.2,8.12,1.1,6.8,18.2,5.02,46.2,0
B01108,180.0,109.6,118.1,6.4,9.4,5.7,10.8,4.91,59.5,1
B01109,229.3,120.7,59.9,7.48,14.5,10.6,10.9,1.72,79.6,1
B01110,167.5,117.8,84.5,3.05,7.6,6.2,11.5,4.66,58.9,0
B01111,233.8,152.9,98.3,6.19,1.9,11.5,14.5,5.4,51.4,1
B01112,185.0,97.4,69.9,3.72,15.8,13.4,19.3,6.57,70.6,0
B01113,231.5,157.7,103.7,2.63,5.2,4.5,2.0,0.6,82.9,0
B01114,235.5,115.5,76.2,1.69,11.0,9.6,11.4,1.46,39.8,1
B01115,182.5,145.4,143.6,7.37,4.8,7.4,0.6,2.72,59.9,1
B01116,204.2,162.7,104.4,6.64,11.3,6.7,23.4,5.46,56.4,0
B01117,177.6,163.5,125.3,8.5,16.7,10.1,11.1,1.2,74.0,0
B01118,166.8,106.6,103.1,3.76,5.9,8.9,13.0,5.36,77.9,0
B01119,231.0,135.9,68.1,1.39,5.2,2.0,15.4,1.27,88.0,0
B01120,185.1,104.4,97.0,1.59,12.4,3.7,12.6,4.52,36.6,0
B01121,174.5,123.1,90.8,5.27,9.1,4.1,19.0,4.89,25.2,0
B01122,190.7,141.4,107.9,6.13,6.9,9.3,14.6,6.78,79.8,0
B01123,200.0,155.5,115.7,2.89,8.0,11.3,21.5,2.13,41.7,0
B01124,175.8,108.4,57.9,7.69,8.9,11.5,4.0,2.91,29.0,1
B01125,219.3,146.9,63.2,6.83,4.6,13.6,8.4,4.12,25.5,0
B01126,244.2,139.3,109.1,1.35,9.2,13.3,2.8,4.01,45.1,1
B01127,210.0,153.6,105.4,5.05,17.4,7.0,5.2,0.69,91.4,0
B01128,237.0,129.8,47.9,1.58,4.2,7.6,22.4,1.33,63.9,0
B01129,216.8,164.4,93.5,7.12,2.9,10.0,18.3,2.5,33.0,0
B01130,184.2,106.7,129.6,7.11,3.9,9.9,2.0,1.14,76.5,1
B01131,220.5,129.7,57.2,5.64,6.9,4.3,8.4,2.42,67.9,0
B01132,177.5,107.1,111.0,7.41,9.9,12.9,18.2,6.03,46.1,1
B01133,211.4,92.6,113.4,6.42,13.1,0.7,10.8,0.63,61.7,0
B01134,171.2,113.5,154.8,0.95,13.7,8.5,17.4,5.34,56.0,1
B01135,231.8,113.1,104.2,2.52,2.9,9.0,12.1,2.57,91.4,0
B01136,187.7,130.0,48.7,0.97,11.3,1.7,3.9,3.83,62.0,0
B01137,219.4,127.8,52.7,3.89,2.9,3.8,5.1,4.07,89.4,0
B01138,187.1,100.6,84.3,1.22,13.2,5.3,21.9,6.36,62.6,0
B01139,180.8,162.3,51.3,3.74,1.9,9.0,6.7,3.39,57.1,1
B01140,242.0,95.2,67.2,6.75,5.4,3.0,22.3,5.63,83.9,1
B01141,223.8,113.8,74.2,2.27,13.3,11.8,10.0,6.46,27.1,1
B01142,226.9,106.3,113.4,3.12,7.2,8.6,6.2,4.85,33.1,1
B01143,241.9,105.8,119.3,4.01,5.9,9.8,19.3,3.42,87.6,1
B01144,170.4,125.1,101.0,4.02,11.8,9.2,5.2,4.15,73.0,0
B01145,181.2,138.9,135.6,1.98,6.6,7.8,9.3,2.17,87.3,1
B01146,227.2,115.0,60.0,4.48,9.4,11.4,7.7,3.36,32.7,0
B01147,208.4,136.2,73.2,7.63,11.8,6.7,5.6,6.8,62.4,0
B01148,192.0,95.4,128.5,5.35,11.7,4.0,9.3,5.58,31.4,1
B01149,187.2,143.5,42.9,7.43,14.1,8.4,6.8,0.49,45.2,1
B01150,219.0,94.4,53.5,4.51,2.8,10.3,18.0,1.38,33.6,1
B01151,237.9,107.8,97.0,6.56,11.6,6.4,8.2,2.94,36.3,1
B01152,200.6,106.8,60.6,2.34,1.6,8.6,7.9,1.06,71.7,1
B01153,194.6,95.6,131.3,6.67,16.8,12.7,8.7,6.77,77.4,1
B01154,240.4,117.3,104.8,5.56,11.2,4.1,8.4,1.2,62.1,0
B01155,219.9,110.3,66.9,1.39,0.7,8.6,16.2,4.16,54.2,0
B01156,174.1,122.7,149.0,4.37,5.9,11.7,16.3,0.66,51.9,0
B01157,173.3,104.9,140.1,3.36,4.9,10.0,10.3,0.43,69.9,1
B01158,189.2,109.4,143.8,7.01,1.7,13.5,13.2,0.92,31.9,1
B01159,220.3,117.5,138.8,2.87,4.0,0.9,1.0,5.25,31.4,1
B01160,184.6,126.4,154.1,5.63,11.9,9.6,12.2,5.64,32.7,1
B01161,189.0,124.0,94.4,1.62,13.1,1.0,5.5,3.02,51.2,0
B01162,240.3,138.6,83.8,1.86,6.1,3.3,5.4,5.6,43.6,0
B01163,204.3,143.8,108.4,7.9,3.9,0.6,18.5,4.22,64.5,1
B01164,174.8,154.7,113.8,7.67,17.5,9.4,1.7,6.22,90.1,1
B01165,170.9,109.4,120.6,4.34,4.3,3.7,16.1,1.42,26.1,1
B01166,220.1,99.9,137.9,1.47,16.9,12.3,22.6,3.11,30.3,0
B01167,235.8,105.9,153.2,7.08,9.7,7.5,4.3,4.61,55.1,1
B01168,167.9,94.3,64.4,6.07,8.0,12.5,22.0,1.92,26.9,1
B01169,166.9,112.5,76.1,8.28,5.3,5.1,8.4,2.63,78.1,1
B01170,232.5,126.2,124.8,1.6,12.2,6.5,12.6,0.63,81.0,0
B01171,237.5,122.1,93.3,1.62,0.5,1.1,1.1,5.2,76.3,1
B01172,170.5,150.1,61.7,5.04,9.1,13.9,9.2,0.74,63.4,0
B01173,231.4,111.7,43.1,3.29,3.0,9.3,16.9,2.38,56.4,0
B01174,194.7,135.0,64.1,7.06,2.9,5.0,17.7,5.83,63.5,0
B01175,232.7,143.8,113.1,2.42,2.8,8.8,9.3,3.77,80.0,1
B01176,226.4,136.5,69.3,1.62,12.4,8.7,8.0,6.0,51.4,0
B01177,239.8,152.3,154.1,8.4,13.1,2.4,18.0,6.57,40.4,1
B01178,172.2,123.0,55.2,2.12,7.9,5.7,10.5,3.56,44.3,0
B01179,168.8,108.5,64.6,2.61,2.7,3.8,12.7,1.83,67.6,0
B01180,197.8,123.4,63.4,2.83,16.7,11.2,3.7,5.75,55.5,0
B01181,208.7,159.1,74.7,1.57,11.6,11.6,4.3,4.32,67.8,0
B01182,196.8,109.3,105.6,8.09,11.7,10.1,20.0,6.36,75.5,1
B01183,233.5,133.5,117.4,4.47,4.8,0.6,22.4,4.87,54.7,1
B01184,220.0,145.2,83.3,4.2,13.2,7.2,16.0,2.78,46.2,0
B01185,220.8,92.2,153.3,4.92,10.9,4.5,7.2,4.86,52.6,1
B01186,176.6,123.7,154.9,7.65,3.1,12.1,20.6,6.38,63.6,1
B01187,221.6,123.1,152.1,6.82,16.5,0.7,3.4,5.61,86.9,0
B01188,200.8,121.5,79.2,7.52,6.4,4.0,8.7,5.94,88.2,0
B01189,227.1,123.5,65.6,1.5,7.6,3.2,21.8,1.39,25.6,0
B01190,173.7,95.7,138.5,3.48,3.9,7.0,4.5,2.0,83.2,1
B01191,198.3,90.4,78.2,4.49,4.3,10.4,7.7,6.47,47.9,1
B01192,186.3,96.7,85.0,8.08,8.1,13.1,12.9,0.98,49.1,1
B01193,212.2,145.5,130.0,5.86,2.5,12.1,0.4,2.66,78.1,1
B01194,181.0,135.3,82.3,3.83,8.9,12.7,13.1,1.81,90.7,0
B01195,189.1,99.3,148.3,6.32,9.7,2.4,8.4,3.89,90.0,0
B01196,234.4,137.9,107.1,5.93,17.9,4.6,18.6,5.52,24.8,0
B01197,174.6,113.1,51.0,3.05,15.2,7.8,11.6,0.65,83.5,0
B01198,210.4,157.4,59.1,4.28,12.0,10.5,20.2,1.13,84.7,0
B01199,223.6,152.4,100.2,2.94,12.1,1.4,14.9,0.5,48.9,0
B01200,184.9,153.9,154.0,4.2,2.7,12.9,20.9,1.78,87.2,1
B01201,238.5,135.8,55.4,5.47,8.3,11.0,5.4,6.08,25.8,0
B01202,237.3,153.5,60.3,5.95,2.9,8.7,9.0,6.26,37.2,1
B01203,230.3,103.7,75.1,0.86,1.5,10.4,5.2,2.27,27.3,0
B01204,176.8,118.4,144.7,5.56,7.9,1.6,18.4,1.33,35.2,0
B01205,241.1,120.7,92.1,4.16,11.8,12.3,17.1,3.32,26.6,0
B01206,226.4,93.4,91.5,1.44,12.6,13.3,8.8,2.6,48.5,0
B01207,197.9,154.6,61.2,6.73,1.7,8.9,16.5,3.8,32.5,0
B01208,199.0,88.2,64.6,2.67,10.5,10.6,4.6,4.95,26.2,1
B01209,175.6,112.0,148.6,5.5,15.7,4.9,22.2,3.47,80.2,1
B01210,177.2,125.1,85.4,8.26,4.5,9.4,8.1,4.64,39.3,1
B01211,223.1,106.4,98.7,6.75,5.5,3.6,6.5,5.41,82.8,0
B01212,213.1,100.1,114.9,1.94,12.7,0.6,4.0,1.49,66.4,0
B01213,181.6,104.6,75.6,3.07,15.7,10.0,2.8,4.72,45.0,0
B01214,190.6,154.2,119.2,7.92,16.5,12.0,20.3,4.48,62.0,0
B01215,232.8,93.6,136.6,7.63,15.0,3.5,16.3,4.12,44.6,0
B01216,242.8,110.5,48.9,5.33,9.1,8.9,18.4,2.14,65.4,0
B01217,232.5,121.7,84.8,3.03,1.3,13.9,13.6,3.69,65.4,0
B01218,236.4,124.8,80.6,1.32,10.6,11.5,1.9,6.59,28.6,0
B01219,171.5,148.8,148.3,5.54,15.0,13.1,17.9,3.21,72.9,1
B01220,191.2,121.4,62.7,4.6,14.6,13.6,5.7,2.32,70.8,0
B01221,215.1,156.8,77.7,2.88,16.0,13.9,22.8,5.05,74.5,1
B01222,244.0,146.6,90.3,1.4,5.2,2.0,16.2,1.05,43.5,0
B01223,198.3,143.8,121.5,1.12,17.1,9.9,20.6,0.44,63.7,0
B01224,183.1,129.1,47.2,1.61,17.8,6.1,6.7,6.11,89.8,0
B01225,184.9,97.1,77.4,4.79,14.8,1.7,15.1,2.14,76.8,0
B01226,207.0,149.9,150.1,6.06,8.4,7.5,23.1,1.65,91.9,1
B01227,232.5,114.6,52.6,6.36,6.5,2.3,10.7,2.73,54.4,1
B01228,191.5,126.1,132.1,4.76,15.4,7.3,4.8,4.78,58.0,0
B01229,205.6,113.3,56.8,3.92,0.8,3.5,18.0,6.3,53.8,0
B01230,206.9,110.8,62.3,6.93,7.4,2.0,19.1,2.78,88.0,0
B01231,193.7,93.4,67.8,2.87,2.8,12.9,3.0,4.82,26.2,0
B01232,189.5,117.7,135.6,5.89,5.9,1.5,16.2,2.38,39.8,0
B01233,171.2,151.0,121.1,2.63,9.8,6.3,18.3,1.74,73.3,0
B01234,173.4,91.7,53.3,5.64,17.3,7.7,13.9,2.46,52.7,0
B01235,182.4,91.2,90.5,2.25,11.7,13.3,20.7,1.66,92.0,1
B01236,239.5,127.9,140.3,8.24,8.5,13.3,5.6,4.53,47.8,1
B01237,181.5,104.8,105.7,1.05,13.6,3.2,22.3,1.09,27.9,0
B01238,201.7,154.7,150.3,4.39,11.0,2.8,20.5,5.3,59.2,0
B01239,221.1,114.3,69.3,7.12,15.0,9.9,7.9,1.31,77.3,0
B01240,189.1,116.3,91.9,7.13,14.0,1.8,16.2,0.92,52.0,1
B01241,201.2,103.3,52.4,4.87,6.7,7.6,9.5,3.28,33.0,0
B01242,237.7,95.5,45.8,6.25,17.1,9.9,12.2,5.54,77.2,1
B01243,206.6,145.8,132.4,2.0,4.9,2.7,1.8,1.1,69.6,0
B01244,231.3,93.3,151.4,2.58,12.0,1.9,5.6,5.99,57.5,0
B01245,210.1,98.1,81.5,5.42,13.9,12.7,8.6,1.76,40.5,0
B01246,236.8,136.6,114.5,2.64,12.5,3.8,0.6,5.19,79.8,0
B01247,186.1,149.0,122.1,2.15,6.4,9.6,16.7,6.54,49.8,1
B01248,188.5,98.3,139.7,5.5,9.3,5.3,10.0,3.95,34.9,0
B01249,214.9,100.0,48.0,7.86,8.1,9.4,3.0,1.88,56.6,0
B01250,176.1,89.7,115.0,1.27,1.3,9.4,19.5,5.91,43.2,1
B01251,168.4,133.3,100.7,3.07,8.4,3.5,7.0,6.17,43.2,0
B01252,212.8,117.3,140.0,6.77,9.6,5.0,1.1,3.48,66.4,0
B01253,181.1,144.1,121.9,3.73,15.3,6.9,5.9,2.67,48.2,0
B01254,187.6,116.1,94.8,4.42,16.8,11.7,11.3,2.89,39.4,0
B01255,167.2,91.2,74.6,2.19,6.8,8.9,5.8,4.24,61.1,1
B01256,200.0,150.8,46.0,3.7,1.3,9.3,15.4,5.69,80.7,0
B01257,241.6,101.1,45.0,6.13,9.7,6.7,2.7,2.52,69.7,1
B01258,171.9,104.7,127.9,1.4,7.5,13.6,18.6,1.97,81.6,1
B01259,233.0,130.7,95.0,1.98,16.9,6.9,18.6,5.8,61.0,0
B01260,234.5,130.8,139.3,8.0,15.7,4.0,12.7,6.29,91.6,0
B01261,227.2,88.8,82.7,4.05,1.8,2.6,20.3,2.22,59.8,1
B01262,211.7,162.0,97.3,5.81,9.5,2.6,21.9,6.0,34.3,0
B01263,192.4,142.9,47.9,1.82,8.0,13.2,22.8,3.96,53.7,1
B01264,184.8,130.1,111.2,6.27,4.9,12.0,5.0,0.69,83.4,1
B01265,165.1,142.3,42.4,6.35,5.7,3.1,7.1,3.05,47.7,1
B01266,235.2,102.4,44.7,7.39,10.5,5.0,7.9,2.73,38.7,1
B01267,189.2,142.9,76.2,0.86,6.6,5.1,21.8,6.53,43.6,0
B01268,168.9,159.3,97.5,5.36,14.5,13.5,9.8,5.59,69.8,1
B01269,194.7,97.3,69.9,7.88,5.9,11.5,20.0,0.72,74.8,1
B01270,198.7,149.1,46.9,4.56,1.4,12.3,19.0,0.59,77.6,0
B01271,186.2,94.9,134.5,1.58,10.0,12.2,6.7,6.13,25.9,1
B01272,218.9,101.2,104.6,7.08,15.2,4.2,21.5,0.96,35.2,0
B01273,224.1,157.3,84.9,4.31,8.3,1.6,1.0,3.41,25.5,0
B01274,234.2,159.1,65.1,8.04,4.3,4.1,13.2,5.28,90.8,1
B01275,241.4,114.8,125.2,3.79,2.2,7.3,9.7,5.05,39.5,0
B01276,228.2,125.2,53.8,1.39,16.2,3.5,18.0,5.79,27.0,0
B01277,177.1,126.7,55.8,2.01,4.9,7.7,16.1,1.13,43.4,1
B01278,206.8,114.6,87.0,7.6,4.2,2.6,11.3,3.76,61.3,0
B01279,205.1,161.4,114.4,4.79,1.0,6.6,0.6,5.41,49.3,1
B01280,217.8,149.6,133.8,1.33,3.8,3.7,14.1,3.32,47.1,0
B01281,169.5,100.1,77.0,4.42,2.0,6.8,9.0,3.75,42.1,1
B01282,176.7,122.8,142.1,2.9,13.6,7.9,2.9,4.45,67.3,1
B01283,207.2,158.8,57.5,7.54,15.8,2.9,6.1,5.57,36.1,1
B01284,174.5,117.6,128.1,1.72,6.9,4.8,4.1,3.33,50.5,0
B01285,231.7,112.7,115.9,1.28,2.5,5.8,11.0,5.77,84.7,1
B01286,166.8,93.8,110.6,3.36,17.2,11.5,11.9,6.34,48.1,0
B01287,192.9,145.7,52.8,5.66,3.2,2.2,10.0,5.08,82.6,0
B01288,233.9,144.1,124.5,6.3,17.0,13.4,11.0,4.43,51.4,0
B01289,171.4,99.4,108.9,5.92,13.8,9.8,0.5,4.29,74.3,1
B01290,215.1,106.0,110.6,1.65,15.6,1.2,20.9,2.45,85.8,0
B01291,204.9,148.7,82.7,3.22,3.5,0.7,8.4,3.09,42.4,0
B01292,186.9,116.8,114.3,5.07,3.4,6.5,2.5,2.86,91.1,0
B01293,208.6,109.9,145.0,2.55,6.8,7.8,2.4,6.79,60.9,0
B01294,183.8,117.8,137.0,3.19,12.8,6.1,21.9,6.05,41.6,0
B01295,194.1,113.5,78.1,0.94,15.9,1.5,10.7,6.66,27.2,0
B01296,206.7,154.8,117.1,4.58,4.7,1.3,8.2,1.74,36.0,0
B01297,174.2,109.8,109.2,1.66,11.6,6.6,14.2,0.47,59.7,0
B01298,192.1,146.6,52.0,1.37,15.6,2.7,10.5,4.24,45.0,0
B01299,190.4,148.7,123.6,4.63,0.9,7.8,0.3,2.14,38.2,1
B01300,197.4,106.0,81.0,2.96,11.9,3.5,0.7,0.71,36.3,0
B01301,173.9,135.9,125.3,2.13,16.1,12.0,16.9,4.47,65.4,0
B01302,192.0,100.6,76.4,3.54,5.4,10.4,18.5,2.12,61.5,1
B01303,186.1,115.4,154.3,3.85,12.8,7.2,8.2,4.54,53.8,0
B01304,167.4,90.7,143.8,7.9,15.0,12.3,17.5,3.64,45.1,1
B01305,244.8,93.9,130.2,6.98,12.1,7.6,6.4,5.01,42.1,1
B01306,174.4,138.5,124.7,8.42,5.0,4.7,9.0,5.31,84.2,1
B01307,192.5,89.3,143.0,3.26,11.2,10.8,14.7,6.07,85.7,0
B01308,193.7,116.4,43.8,1.97,5.1,12.3,21.2,0.6,88.4,0
B01309,189.0,125.6,87.9,2.82,16.1,6.1,10.3,2.97,80.9,0
B01310,222.3,116.4,81.0,5.36,1.1,4.9,9.3,4.02,89.1,0
B01311,228.6,137.4,69.3,1.37,15.9,11.2,15.5,1.84,32.4,0
B01312,165.1,95.9,82.4,6.61,7.8,4.9,13.8,0.6,31.2,1
B01313,220.1,155.9,52.1,3.36,12.9,1.4,13.1,2.83,43.6,0
B01314,185.9,127.0,117.3,7.02,11.4,6.5,23.2,0.61,68.2,0
B01315,220.7,142.8,143.7,5.75,7.6,6.2,21.1,3.13,44.1,1
B01316,184.3,89.4,73.7,1.33,1.5,6.0,13.5,2.78,29.4,1
B01317,242.9,133.2,133.2,2.43,5.7,11.1,1.6,4.86,85.3,1
B01318,172.3,124.3,152.5,7.08,15.0,9.5,12.8,5.39,74.7,1
B01319,244.7,159.7,79.4,7.01,2.9,5.3,20.7,6.04,36.5,1
B01320,244.2,150.4,120.4,2.48,4.6,5.3,14.8,4.27,56.4,1
B01321,203.5,104.6,134.5,0.7,4.6,11.8,15.8,1.55,86.7,0
B01322,190.1,132.5,79.7,0.8,15.8,1.0,2.6,5.2,46.6,0
B01323,212.4,131.2,99.0,5.99,16.8,6.8,2.1,5.18,73.3,0
B01324,244.0,150.2,63.9,1.68,9.2,13.9,11.8,0.53,48.4,0
B01325,226.8,126.9,79.3,1.36,8.8,13.3,13.3,6.7,57.1,0
B01326,226.7,156.5,76.7,3.46,7.9,7.6,14.7,0.98,65.5,0
B01327,237.0,142.4,97.0,8.3,5.7,8.5,12.2,2.44,56.2,1
B01328,168.3,141.8,142.1,8.13,10.6,14.0,12.7,4.29,80.6,1
B01329,172.0,153.7,83.8,4.28,13.3,13.2,8.1,4.68,51.2,0
B01330,202.3,161.6,153.5,0.98,17.8,13.7,2.2,4.23,65.4,0
B01331,172.2,135.0,100.2,7.46,1.3,4.6,2.6,4.07,77.4,1
B01332,198.0,142.2,77.0,3.74,6.7,1.5,9.4,1.87,36.3,0
B01333,187.2,105.0,137.2,8.41,12.6,6.8,16.1,5.05,24.4,1
B01334,186.3,132.9,85.0,4.27,15.1,4.0,15.4,6.17,88.1,0
B01335,217.2,122.9,69.8,5.9,6.4,13.6,23.3,2.58,55.6,0
B01336,187.2,163.1,52.1,1.21,18.0,1.7,6.2,5.75,41.5,0
B01337,232.3,106.2,100.0,0.86,5.9,1.1,22.5,5.7,68.5,0
B01338,187.3,106.7,107.3,4.27,12.3,12.1,8.3,3.27,52.5,0
B01339,193.4,140.1,72.1,3.94,10.9,10.8,10.9,6.63,43.9,1
B01340,191.4,102.8,91.0,2.33,2.1,4.9,22.8,5.98,44.6,1
B01341,170.2,122.8,151.6,2.65,6.0,2.3,15.6,5.59,77.9,0
B01342,244.0,91.6,103.6,7.36,0.6,11.6,2.2,5.49,53.6,1
B01343,201.5,131.4,68.7,7.25,12.3,9.6,2.1,1.65,65.8,0
B01344,197.1,90.8,89.1,4.22,8.2,13.1,3.6,5.78,73.9,0
B01345,233.1,158.4,44.0,2.4,13.0,4.7,2.5,1.8,36.2,0
B01346,224.7,140.5,110.3,1.06,3.0,4.0,14.3,4.66,38.2,0
B01347,213.7,152.5,119.2,3.18,13.5,12.4,8.0,2.43,60.3,0
B01348,174.6,128.0,78.2,7.7,6.9,10.7,17.3,5.68,45.6,1
B01349,197.1,137.7,44.2,7.49,13.9,4.3,21.5,1.34,47.7,0
B01350,210.4,161.0,97.4,0.78,16.1,1.8,7.9,5.7,44.4,0
B01351,202.4,139.4,70.9,2.2,14.9,3.2,9.5,4.87,45.8,0
B01352,176.7,132.5,85.3,7.19,8.1,6.9,0.9,4.87,33.3,1
B01353,165.1,156.5,85.5,7.24,16.5,11.5,5.2,3.39,89.1,1
B01354,222.8,157.3,126.9,6.63,16.2,4.6,23.4,5.97,33.3,1
B01355,229.2,94.3,77.1,1.86,1.3,7.1,18.6,4.73,40.2,0
B01356,169.9,128.1,80.1,1.34,11.8,3.4,19.6,2.71,24.4,0
B01357,243.3,162.9,63.7,7.96,13.8,8.8,23.1,2.8,69.2,1
B01358,218.2,88.3,81.0,3.26,9.0,3.2,20.5,5.84,75.2,0
B01359,169.4,121.8,80.2,5.78,14.6,2.6,4.6,5.71,38.4,0
B01360,185.5,140.4,107.3,4.9,12.3,7.7,8.0,2.24,48.0,0
B01361,227.5,159.8,50.8,2.59,14.1,4.2,1.3,6.36,28.8,0
B01362,204.5,144.2,122.4,6.11,14.6,3.0,22.7,2.13,41.9,0
B01363,178.0,111.4,134.9,5.97,6.7,4.9,0.6,0.43,40.2,0
B01364,188.8,103.8,71.3,2.89,4.5,4.1,17.5,6.31,58.7,0
B01365,213.9,123.3,118.0,2.88,1.1,8.7,2.6,0.57,84.6,0
B01366,194.8,98.7,46.3,5.4,4.0,6.5,1.7,2.83,54.6,0
B01367,177.3,133.0,60.7,3.76,2.8,1.7,16.0,5.97,82.9,0
B01368,175.1,90.1,138.9,2.59,2.7,10.2,20.7,3.08,46.4,1
B01369,240.6,126.8,83.7,8.26,11.2,3.2,20.9,3.28,61.8,0
B01370,188.2,91.9,43.1,3.42,2.6,12.9,17.1,3.1,48.4,1
B01371,187.4,155.0,61.4,1.88,8.2,7.2,15.7,6.1,24.9,0
B01372,196.2,103.4,46.2,7.62,2.0,11.2,3.3,2.64,70.2,1
B01373,239.9,161.0,150.9,3.61,7.9,6.8,0.8,4.94,40.5,1
B01374,219.5,118.8,107.6,2.3,4.9,10.8,19.9,2.12,41.3,0
B01375,218.7,88.6,89.2,6.68,5.4,7.0,15.6,1.74,74.5,0
B01376,210.8,126.2,53.2,7.89,1.9,11.7,22.6,1.38,78.8,1
B01377,174.7,136.0,130.0,0.73,8.3,9.2,20.2,2.22,36.3,0
B01378,215.1,101.5,124.5,7.65,16.9,5.8,3.1,2.52,27.0,0
B01379,181.7,141.4,65.3,5.95,13.0,10.8,18.0,6.65,54.1,0
B01380,242.7,160.0,73.4,1.77,7.0,2.2,5.1,0.94,86.0,1
B01381,212.6,90.2,83.9,6.84,10.8,2.3,19.7,2.73,28.1,0
B01382,220.3,153.5,109.5,5.26,5.6,9.9,19.1,0.56,40.3,1
B01383,208.0,141.0,81.4,7.3,2.7,9.5,12.9,6.39,89.4,0
B01384,214.9,89.9,69.0,5.61,4.8,3.4,5.2,2.21,63.5,0
B01385,222.2,151.5,138.8,6.86,12.4,10.9,9.2,1.22,63.1,1
B01386,245.0,106.4,85.3,4.67,10.1,10.1,14.7,6.33,45.4,1
B01387,165.1,141.7,124.5,5.21,8.1,1.9,10.0,4.11,73.1,1
B01388,236.7,151.7,98.1,2.27,12.9,8.7,4.2,6.63,71.9,0
B01389,181.9,105.3,152.2,4.64,14.6,3.7,23.4,4.45,77.5,0
B01390,214.8,116.5,105.1,1.79,8.5,7.3,5.1,4.32,48.5,0
B01391,234.2,107.6,150.4,6.27,13.0,11.6,5.2,1.5,25.1,1
B01392,217.8,111.7,116.1,4.35,4.5,12.0,17.2,4.36,33.2,1
B01393,205.9,150.1,57.7,6.66,6.2,10.5,21.7,3.93,85.7,1
B01394,189.9,148.0,88.8,7.18,8.7,0.8,20.3,3.97,53.7,0
B01395,238.3,120.0,91.3,1.49,4.9,13.0,3.1,2.44,30.6,0
B01396,212.1,150.5,68.2,1.7,17.8,6.5,9.7,5.38,32.4,0
B01397,178.4,95.0,109.6,0.89,7.6,4.1,10.5,2.38,65.7,0
B01398,183.7,88.7,136.6,8.46,15.2,12.6,18.7,3.42,46.9,1
B01399,235.4,111.3,111.9,2.64,11.7,8.1,16.6,2.89,83.1,0
B01400,173.7,150.5,149.3,7.49,9.8,9.1,0.4,2.59,48.0,1
B01401,223.4,109.1,98.5,1.26,5.1,6.7,1.7,1.95,31.8,0
B01402,190.2,157.9,66.1,7.23,6.5,2.7,16.3,0.61,36.9,1
B01403,219.4,159.4,139.0,3.95,4.9,8.1,18.4,2.87,78.6,1
B01404,169.8,146.3,73.4,2.94,11.6,9.8,17.4,3.3,44.9,0
B01405,239.8,89.4,67.4,5.17,13.1,11.8,22.4,3.4,24.5,1
B01406,193.3,98.9,75.1,7.79,13.2,7.6,12.8,2.66,31.0,0
B01407,226.1,130.4,116.1,3.95,3.2,11.3,6.8,5.92,33.5,0
B01408,178.2,121.8,149.2,8.33,12.6,8.7,14.9,1.21,59.0,1
B01409,186.0,163.2,137.5,1.18,1.9,12.7,0.2,2.27,65.5,1
B01410,220.3,147.5,144.9,4.84,2.2,11.2,6.8,4.36,48.2,1
B01411,197.4,107.0,150.0,6.8,15.9,13.8,12.1,6.02,81.1,1
B01412,171.9,89.7,135.6,8.13,4.6,12.1,22.2,1.99,44.8,1
B01413,203.4,110.2,123.9,5.48,16.8,10.4,21.8,2.9,72.3,0
B01414,231.4,134.1,92.0,4.67,11.8,9.0,15.7,5.89,44.0,0
B01415,196.6,161.5,59.4,6.0,4.9,7.2,10.9,5.3,67.7,1
B01416,241.4,117.0,55.3,4.96,3.2,4.8,1.9,1.5,68.8,0
B01417,214.3,150.7,147.9,6.84,4.8,8.7,23.3,5.67,71.5,1
B01418,225.3,113.1,85.4,3.86,10.5,13.1,4.7,5.78,65.1,0
B01419,167.6,153.0,96.5,4.38,17.5,12.6,21.5,2.36,57.2,0
B01420,223.0,88.2,88.9,1.47,5.6,1.5,5.4,1.1,57.8,0
B01421,175.1,108.7,152.2,7.48,4.3,9.8,12.7,3.2,63.3,1
B01422,189.2,136.4,93.7,6.0,1.8,12.6,4.0,0.56,80.1,1
B01423,204.1,101.2,53.1,2.78,14.6,8.9,1.4,2.15,52.4,0
B01424,220.5,127.5,96.2,6.98,5.5,8.3,4.4,0.94,39.0,1
B01425,205.9,154.7,81.6,6.33,16.0,10.1,10.6,6.63,66.3,0
B01426,223.5,141.4,131.2,8.05,5.6,5.0,0.4,4.41,77.9,1
B01427,241.0,122.4,118.6,3.66,11.2,5.7,16.0,1.33,82.4,1
B01428,184.3,96.7,106.7,0.85,2.5,10.1,13.4,3.69,66.9,0
B01429,212.7,144.9,73.6,2.21,1.9,7.3,12.5,5.82,50.2,0
B01430,239.5,117.6,94.5,2.26,11.1,11.9,12.6,3.7,84.8,1
B01431,234.2,152.7,107.9,3.28,2.3,6.7,18.4,4.39,49.2,0
B01432,173.0,119.1,120.5,2.52,6.4,5.1,0.9,0.61,83.5,0
B01433,179.8,158.4,45.0,7.97,2.5,7.2,1.5,6.03,46.0,1
B01434,197.0,96.0,151.0,5.83,7.4,2.6,22.0,6.3,73.5,1
B01435,174.5,134.4,132.3,6.33,1.2,7.6,3.6,5.88,47.6,1
B01436,182.7,106.3,107.4,1.77,4.9,5.7,4.6,4.08,44.8,0
B01437,176.7,104.5,135.8,2.39,6.3,1.5,8.7,2.76,76.8,1
B01438,176.3,138.8,152.4,3.95,13.0,7.0,18.4,0.99,44.6,0
B01439,178.1,142.2,117.7,3.52,0.6,2.9,0.8,2.16,32.6,0
B01440,233.2,144.5,72.4,3.18,7.0,13.7,5.7,1.83,34.8,0
B01441,192.6,159.3,46.1,7.08,16.3,13.1,20.9,1.39,60.2,0
B01442,170.4,145.0,65.2,7.62,7.8,5.0,6.6,0.52,72.3,1
B01443,174.0,94.2,143.4,1.51,2.5,8.7,19.8,5.66,79.2,1
B01444,218.5,149.6,113.1,1.43,12.7,11.8,19.4,4.32,37.2,0
B01445,236.0,105.0,51.8,3.83,4.5,9.8,5.9,4.57,63.7,1
B01446,182.4,148.3,121.3,6.09,10.7,5.3,10.1,4.39,41.8,0
B01447,194.9,98.2,55.2,2.19,2.2,5.0,22.3,3.14,33.9,1
B01448,215.3,152.0,61.4,1.28,4.5,13.0,22.1,2.14,53.6,0
B01449,244.8,124.8,146.0,5.97,1.5,2.2,6.2,4.91,51.2,1
B01450,224.2,112.3,88.7,6.68,14.4,0.8,2.2,2.74,60.4,0
B01451,217.1,95.7,81.4,4.35,8.1,6.0,7.4,3.79,56.1,0
B01452,207.7,117.5,55.2,8.48,13.6,3.3,19.1,5.68,56.6,1
B01453,216.1,164.1,136.0,2.0,7.0,8.2,12.6,4.71,28.1,1
B01454,203.4,164.4,120.0,2.32,13.6,7.0,2.8,2.25,75.5,1
B01455,195.6,132.7,122.6,7.62,3.7,13.3,20.1,2.43,48.3,0
B01456,208.2,113.6,73.6,5.91,16.1,4.3,4.3,0.87,64.4,0
B01457,173.4,137.8,105.4,6.81,13.5,10.2,18.5,5.45,84.3,0
B01458,198.7,133.6,116.8,1.02,15.2,5.1,15.9,3.69,31.2,0
B01459,168.1,146.3,110.9,6.42,16.9,1.9,16.6,2.94,57.6,0
B01460,202.3,94.9,75.1,5.56,10.2,10.4,5.4,6.45,32.7,0
B01461,233.3,97.0,116.5,7.11,8.3,11.7,6.2,3.23,31.3,1
B01462,229.3,155.2,145.3,7.6,1.5,9.0,14.0,4.82,33.8,1
B01463,165.6,101.8,151.5,4.27,13.9,1.4,10.2,6.59,47.0,0
B01464,235.8,102.5,103.5,6.17,9.2,3.9,18.4,6.0,70.0,1
B01465,187.4,148.2,138.5,1.52,14.9,5.3,17.3,2.73,72.1,1
B01466,188.1,135.7,114.9,2.25,12.9,3.8,21.2,0.74,43.8,0
B01467,240.8,157.6,69.5,5.1,9.4,8.7,7.8,0.8,36.0,1
B01468,173.0,132.4,43.5,7.49,9.9,9.0,20.6,5.64,74.9,1
B01469,237.8,136.2,93.1,4.8,7.4,7.5,8.0,2.37,65.7,0
B01470,234.1,124.0,118.7,2.98,14.2,2.7,2.1,3.17,30.9,0
B01471,174.3,148.3,111.7,4.34,15.2,11.6,13.9,5.21,63.9,0
B01472,219.7,107.4,89.6,7.79,16.0,3.7,11.5,1.66,27.6,0
B01473,191.7,147.6,95.7,4.39,11.7,4.8,10.7,1.54,64.5,0
B01474,165.4,128.1,99.7,1.1,11.4,9.5,3.4,3.6,88.5,0
B01475,170.8,119.3,115.3,7.05,8.7,7.1,9.1,1.35,29.7,1
B01476,240.0,162.3,111.8,3.9,0.8,8.5,9.8,6.41,91.2,1
B01477,208.0,156.6,137.8,4.31,8.4,12.7,19.6,6.36,41.4,0
B01478,209.0,128.0,145.9,1.54,12.0,10.1,23.2,3.3,47.0,0
B01479,165.4,153.3,49.5,6.6,4.0,2.1,11.7,0.6,48.7,1
B01480,206.0,112.8,65.8,4.09,10.6,2.7,6.9,4.97,33.3,0
B01481,189.8,162.1,106.8,6.56,10.0,8.1,16.3,2.25,74.5,0
B01482,227.5,108.6,104.7,7.35,2.6,5.7,4.6,5.59,61.2,0
B01483,225.0,163.3,94.5,4.18,12.1,11.0,7.8,4.49,83.4,0
B01484,189.1,163.6,149.0,3.18,16.6,4.2,19.9,0.98,32.2,0
B01485,236.7,150.2,83.8,7.33,10.4,11.7,11.8,6.78,58.7,1
B01486,200.5,137.4,83.9,1.22,7.8,3.3,0.7,3.26,44.5,0
B01487,190.9,149.1,114.8,3.24,12.4,3.4,8.2,1.4,48.6,0
B01488,210.3,122.8,57.5,6.16,1.6,3.6,13.8,1.68,34.1,0
B01489,211.8,162.3,109.3,4.0,7.3,10.9,4.6,1.93,36.1,0
B01490,234.2,149.3,88.1,2.04,8.8,12.0,21.3,3.72,89.8,1
B01491,232.1,157.0,150.7,7.91,10.0,8.6,5.5,4.22,76.3,0
B01492,169.2,106.3,92.2,1.86,10.4,1.3,2.0,4.8,79.2,0
B01493,173.9,152.6,81.0,0.71,15.5,3.9,2.5,3.08,25.6,0
B01494,232.6,88.2,103.4,7.69,6.4,10.4,8.9,1.77,70.4,0
B01495,239.9,97.4,144.7,1.08,10.3,2.9,8.0,5.63,35.7,1
B01496,170.9,149.0,54.8,6.19,8.7,2.3,11.3,6.13,72.5,1
B01497,230.1,132.2,42.6,6.0,8.8,4.7,13.0,6.16,59.6,1
B01498,223.8,156.2,114.5,5.33,13.2,12.8,8.5,4.4,25.5,1
B01499,226.6,115.1,62.0,4.07,8.5,7.1,9.9,3.55,57.4,0
B01500,239.7,153.4,98.2,7.29,2.5,12.4,6.6,6.05,42.1,1
B01501,168.9,125.1,146.3,1.23,14.0,11.3,18.8,2.68,81.5,1
B01502,196.0,154.7,73.1,2.7,9.3,11.7,9.6,4.68,34.8,0
B01503,234.4,164.0,117.8,5.59,5.1,4.4,4.5,3.57,40.7,1
B01504,184.0,100.5,115.6,2.31,16.2,5.4,1.0,2.0,55.2,0
B01505,181.4,129.6,78.1,3.31,14.7,13.2,0.5,4.6,58.3,0
B01506,239.6,94.6,42.4,4.46,6.9,8.1,21.6,2.07,89.3,1
B01507,175.5,116.6,128.5,6.05,11.3,10.4,14.6,5.57,39.3,1
B01508,243.1,110.8,68.6,5.64,2.6,4.4,6.9,0.53,90.8,0
B01509,175.6,160.8,95.3,4.61,3.0,9.8,14.7,1.74,43.9,0
B01510,223.0,164.3,50.0,4.49,12.5,6.2,2.8,2.3,92.0,1
B01511,199.7,123.6,111.9,4.95,7.3,12.0,13.1,1.59,54.4,1
B01512,179.5,105.8,112.3,6.62,14.0,5.1,1.8,4.68,31.5,1
B01513,165.5,125.8,115.8,5.62,11.3,9.8,15.3,5.22,32.6,1
B01514,168.5,138.6,72.6,5.95,2.0,4.8,11.9,5.32,65.5,1
B01515,234.6,150.6,148.6,7.63,10.0,1.4,7.4,5.38,58.9,1
B01516,176.2,94.5,52.7,7.11,17.9,13.3,3.2,3.79,91.6,1
B01517,192.2,158.0,112.8,1.62,7.7,5.4,6.9,2.8,48.5,0
B01518,202.3,106.3,101.0,5.01,8.7,8.6,8.7,1.19,74.8,0
B01519,193.1,94.8,53.5,4.66,1.9,10.2,16.5,4.44,49.1,1
B01520,214.7,138.5,124.1,4.11,0.9,3.9,14.6,5.12,44.2,0
B01521,233.8,151.1,87.6,4.5,14.5,12.7,16.2,3.22,70.5,1
B01522,224.4,95.1,80.6,4.4,11.7,10.9,19.2,6.76,39.3,1
B01523,197.8,89.0,109.5,1.48,17.7,13.7,9.4,2.91,65.4,1
B01524,166.6,97.4,99.0,6.27,16.3,13.6,4.5,1.22,51.6,0
B01525,221.3,133.1,103.0,5.84,9.2,12.5,3.8,3.23,61.6,1
B01526,228.1,124.7,112.1,6.75,15.6,3.0,17.3,2.89,68.1,0
B01527,210.4,126.8,125.5,8.03,12.6,12.0,9.9,3.97,35.4,1
B01528,186.5,109.6,149.6,7.26,9.9,4.7,22.9,6.65,39.5,1
B01529,193.4,114.1,83.0,5.31,17.5,8.5,20.2,5.49,54.6,0
B01530,207.0,116.7,62.8,7.92,1.5,5.8,0.9,1.1,54.7,0
B01531,217.6,109.5,136.4,5.55,12.1,12.7,15.6,4.92,41.6,1
B01532,176.0,91.2,53.9,5.2,12.2,6.3,18.9,1.08,56.6,1
B01533,243.4,99.3,95.8,1.23,16.0,3.9,10.9,5.27,71.6,0
B01534,226.2,158.6,135.4,3.81,5.3,1.6,17.2,0.61,71.3,0
B01535,213.8,108.3,126.1,1.4,13.4,8.1,4.1,3.16,58.5,0
B01536,222.5,118.6,47.5,2.99,11.6,9.3,20.0,0.65,27.8,0
B01537,215.6,128.8,133.5,2.01,5.1,8.0,23.4,3.81,44.3,0
B01538,193.8,148.4,103.8,2.94,10.7,0.9,18.9,1.68,63.6,0
B01539,167.3,137.8,143.2,2.61,16.4,1.1,6.8,0.7,56.6,0
B01540,217.5,130.8,91.1,3.17,17.6,13.9,1.7,1.33,79.5,1
B01541,239.8,159.9,89.0,6.86,5.6,11.2,7.0,6.75,58.3,1
B01542,223.6,93.0,84.2,2.11,8.5,4.5,8.3,3.56,51.2,0
B01543,202.2,99.4,92.9,3.59,3.2,3.3,3.3,3.79,74.9,0
B01544,181.1,134.6,54.7,2.41,17.1,1.3,18.8,5.35,26.4,0
B01545,187.9,89.1,92.2,5.61,7.0,13.2,12.1,5.82,88.0,1
B01546,206.0,90.7,111.0,7.93,12.6,10.0,6.3,1.43,85.7,0
B01547,234.7,92.7,136.8,7.42,15.9,13.1,4.4,5.26,55.3,1
B01548,219.4,106.4,58.3,3.96,0.9,12.3,1.8,3.17,72.4,0
B01549,195.0,111.2,65.4,5.59,14.9,3.1,3.9,0.57,71.1,0
B01550,233.4,153.7,80.5,8.0,4.5,3.4,18.9,4.35,33.5,1
B01551,192.4,154.7,117.0,4.32,10.7,6.6,8.5,6.42,49.0,1
B01552,233.7,119.3,51.3,1.49,8.9,4.9,11.2,5.22,69.6,0
B01553,184.8,153.1,63.5,6.49,9.7,1.2,6.6,3.9,81.8,0
B01554,223.6,103.0,65.8,2.26,11.5,10.0,2.9,1.21,58.0,0
B01555,229.9,110.4,100.0,7.51,6.0,5.6,2.4,6.63,44.0,1
B01556,181.9,107.5,125.2,2.56,6.1,8.7,3.5,2.25,69.7,0
B01557,230.9,104.0,50.8,5.51,10.6,6.6,9.8,1.71,57.6,0
B01558,219.3,153.7,76.0,5.26,1.7,12.4,22.0,2.03,42.8,1
B01559,166.6,114.8,100.1,5.65,7.7,0.8,10.6,5.96,32.9,1
B01560,223.1,100.9,85.3,4.67,13.2,5.4,11.4,2.42,76.1,0
B01561,187.0,92.0,72.4,3.55,16.5,7.7,8.9,3.3,28.1,0
B01562,240.6,163.2,52.6,0.88,2.3,4.3,5.0,6.58,72.7,1
B01563,180.0,117.8,79.5,4.54,5.8,7.1,19.8,6.28,65.9,0
B01564,244.1,116.2,130.9,0.79,11.1,12.7,12.8,2.92,63.4,1
B01565,221.5,88.8,95.0,1.14,0.5,2.5,22.8,1.36,34.5,1
B01566,200.3,132.5,61.7,2.76,16.3,12.3,17.9,2.34,62.9,0
B01567,244.6,113.3,90.5,6.01,4.4,3.5,1.5,2.49,46.7,1
B01568,242.1,89.0,54.1,7.48,6.6,9.6,20.9,2.15,48.5,1
B01569,195.8,146.0,106.7,5.18,11.8,9.5,5.8,5.59,80.4,0
B01570,217.4,158.6,66.1,3.04,12.4,13.0,22.3,1.97,69.1,0
B01571,195.6,142.8,133.8,3.14,11.8,6.1,17.1,4.79,89.4,0
B01572,183.8,148.8,54.6,5.46,3.5,11.1,10.8,2.47,47.6,1
B01573,224.2,119.2,107.1,3.92,13.4,8.1,7.6,1.88,43.7,0
B01574,171.0,90.6,87.9,8.08,2.5,12.1,3.6,3.67,42.8,1
B01575,220.9,138.5,80.2,5.91,2.8,1.3,3.8,0.53,72.1,0
B01576,190.8,101.3,104.7,7.68,15.3,4.8,8.4,6.26,45.6,1
B01577,185.9,153.1,143.1,3.36,14.5,1.2,15.9,4.66,30.9,0
B01578,166.5,118.8,121.8,3.13,13.2,7.1,15.3,2.43,76.0,0
B01579,204.8,162.7,48.2,2.03,11.2,2.4,11.0,5.87,65.8,0
B01580,188.5,122.9,109.8,7.45,0.9,3.6,20.6,5.19,27.2,0
B01581,196.2,113.9,63.5,1.44,15.5,4.8,2.8,0.92,72.9,0
B01582,241.2,95.7,56.2,5.38,15.1,11.2,23.4,0.95,58.8,1
B01583,172.7,100.7,93.6,2.32,15.2,12.8,18.3,6.06,70.6,0
B01584,216.2,140.6,86.0,1.12,10.8,11.4,12.9,1.4,65.8,0
B01585,188.6,102.3,62.7,5.16,12.2,3.0,16.7,2.76,45.2,0
B01586,191.9,148.2,84.3,4.62,8.6,11.3,18.0,2.05,25.1,0
B01587,182.5,162.2,136.6,8.45,9.6,1.2,8.1,2.84,54.9,1
B01588,209.7,140.5,57.6,5.53,16.4,3.6,20.2,6.63,58.0,0
B01589,180.8,163.5,150.4,1.85,8.4,2.3,0.6,6.27,38.6,0
B01590,172.0,147.8,131.8,5.26,2.2,2.0,23.2,1.15,61.6,1
B01591,241.8,156.0,54.8,5.32,4.9,9.1,5.5,1.35,52.2,1
B01592,175.8,107.6,150.4,6.64,3.1,8.4,6.8,2.3,25.1,1
B01593,170.5,117.9,78.4,6.05,7.5,12.1,5.8,4.1,87.4,1
B01594,166.9,93.6,69.6,5.57,14.1,7.5,11.2,0.54,68.1,1
B01595,176.1,118.7,56.3,4.28,16.4,2.9,14.0,0.9,88.5,0
B01596,211.9,148.8,147.0,7.87,7.3,9.8,13.6,6.46,42.5,1
B01597,203.7,136.0,113.2,1.81,2.4,2.7,18.0,4.26,65.1,0
B01598,188.1,137.2,65.1,3.03,8.3,2.0,19.4,5.97,31.6,0
B01599,174.8,109.8,52.3,8.48,12.3,7.5,17.0,6.57,49.1,1
B01600,231.7,99.1,80.0,3.05,7.2,9.4,1.9,2.25,71.7,0
